  0.0000000000000000E+00  0.0000000000000000E+00  0.4164931216571557E+00
  0.0000000000000000E+00  0.2040816326530612E-01 -0.9540018307893249E-49
  0.0000000000000000E+00  0.4081632653061224E-01 -0.9540018307893249E-49
  0.0000000000000000E+00  0.6122448979591837E-01 -0.9540018307893249E-49
  0.0000000000000000E+00  0.8163265306122448E-01 -0.9540018307893249E-49
  0.0000000000000000E+00  0.1020408163265306E+00 -0.9540018307893249E-49
  0.0000000000000000E+00  0.1224489795918367E+00 -0.9540018307893249E-49
  0.0000000000000000E+00  0.1428571428571428E+00 -0.9540018307893249E-49
  0.0000000000000000E+00  0.1632653061224490E+00 -0.9540018307893249E-49
  0.0000000000000000E+00  0.1836734693877551E+00 -0.9540018307893249E-49
  0.0000000000000000E+00  0.2040816326530612E+00 -0.9540018307893249E-49
  0.0000000000000000E+00  0.2244897959183673E+00 -0.9540018307893249E-49
  0.0000000000000000E+00  0.2448979591836735E+00 -0.9540018307893249E-49
  0.0000000000000000E+00  0.2653061224489796E+00 -0.9540018307893249E-49
  0.0000000000000000E+00  0.2857142857142857E+00 -0.9540018307893249E-49
  0.0000000000000000E+00  0.3061224489795918E+00 -0.9540018307893249E-49
  0.0000000000000000E+00  0.3265306122448979E+00 -0.9540018307893249E-49
  0.0000000000000000E+00  0.3469387755102041E+00 -0.9540018307893249E-49
  0.0000000000000000E+00  0.3673469387755102E+00 -0.9540018307893249E-49
  0.0000000000000000E+00  0.3877551020408163E+00 -0.9540018307893249E-49
  0.0000000000000000E+00  0.4081632653061224E+00 -0.9540018307893249E-49
  0.0000000000000000E+00  0.4285714285714285E+00 -0.9540018307893249E-49
  0.0000000000000000E+00  0.4489795918367346E+00 -0.9540018307893249E-49
  0.0000000000000000E+00  0.4693877551020408E+00 -0.9540018307893249E-49
  0.0000000000000000E+00  0.4897959183673469E+00 -0.9540018307893249E-49
  0.0000000000000000E+00  0.5102040816326531E+00 -0.9540018307893249E-49
  0.0000000000000000E+00  0.5306122448979591E+00 -0.9540018307893249E-49
  0.0000000000000000E+00  0.5510204081632653E+00 -0.9540018307893249E-49
  0.0000000000000000E+00  0.5714285714285714E+00 -0.9540018307893249E-49
  0.0000000000000000E+00  0.5918367346938775E+00 -0.9540018307893249E-49
  0.0000000000000000E+00  0.6122448979591836E+00 -0.9540018307893249E-49
  0.0000000000000000E+00  0.6326530612244897E+00 -0.9540018307893249E-49
  0.0000000000000000E+00  0.6530612244897959E+00 -0.9540018307893249E-49
  0.0000000000000000E+00  0.6734693877551020E+00 -0.9540018307893249E-49
  0.0000000000000000E+00  0.6938775510204082E+00 -0.9540018307893249E-49
  0.0000000000000000E+00  0.7142857142857142E+00 -0.9540018307893249E-49
  0.0000000000000000E+00  0.7346938775510203E+00 -0.9540018307893249E-49
  0.0000000000000000E+00  0.7551020408163265E+00 -0.9540018307893249E-49
  0.0000000000000000E+00  0.7755102040816326E+00 -0.9540018307893249E-49
  0.0000000000000000E+00  0.7959183673469387E+00 -0.9540018307893249E-49
  0.0000000000000000E+00  0.8163265306122448E+00 -0.9540018307893249E-49
  0.0000000000000000E+00  0.8367346938775510E+00 -0.9540018307893249E-49
  0.0000000000000000E+00  0.8571428571428571E+00 -0.9540018307893249E-49
  0.0000000000000000E+00  0.8775510204081632E+00 -0.9540018307893249E-49
  0.0000000000000000E+00  0.8979591836734693E+00 -0.9540018307893249E-49
  0.0000000000000000E+00  0.9183673469387754E+00 -0.9540018307893249E-49
  0.0000000000000000E+00  0.9387755102040816E+00 -0.9540018307893249E-49
  0.0000000000000000E+00  0.9591836734693877E+00 -0.9540018307893249E-49
  0.0000000000000000E+00  0.9795918367346939E+00 -0.9540018307893249E-49
  0.0000000000000000E+00  0.9999999999999999E+00  0.4164931216571557E+00
  0.2040816326530612E-01  0.0000000000000000E+00 -0.9540018307893249E-49
  0.2040816326530612E-01  0.2040816326530612E-01  0.9558770340993554E-01
  0.2040816326530612E-01  0.4081632653061224E-01  0.1703509494847864E+00
  0.2040816326530612E-01  0.6122448979591837E-01  0.2325218439469699E+00
  0.2040816326530612E-01  0.8163265306122448E-01  0.2859717442489608E+00
  0.2040816326530612E-01  0.1020408163265306E+00  0.3328196443341619E+00
  0.2040816326530612E-01  0.1224489795918367E+00  0.3743708236010697E+00
  0.2040816326530612E-01  0.1428571428571428E+00  0.4115020221185779E+00
  0.2040816326530612E-01  0.1632653061224490E+00  0.4448401312078532E+00
  0.2040816326530612E-01  0.1836734693877551E+00  0.4748543362317244E+00
  0.2040816326530612E-01  0.2040816326530612E+00  0.5019079231143617E+00
  0.2040816326530612E-01  0.2244897959183673E+00  0.5262894906730503E+00
  0.2040816326530612E-01  0.2448979591836735E+00  0.5482328195049107E+00
  0.2040816326530612E-01  0.2653061224489796E+00  0.5679300904703989E+00
  0.2040816326530612E-01  0.2857142857142857E+00  0.5855409981434516E+00
  0.2040816326530612E-01  0.3061224489795918E+00  0.6011992190468262E+00
  0.2040816326530612E-01  0.3265306122448979E+00  0.6150171119720742E+00
  0.2040816326530612E-01  0.3469387755102041E+00  0.6270891987384422E+00
  0.2040816326530612E-01  0.3673469387755102E+00  0.6374947796694928E+00
  0.2040816326530612E-01  0.3877551020408163E+00  0.6462999191095501E+00
  0.2040816326530612E-01  0.4081632653061224E+00  0.6535589608764124E+00
  0.2040816326530612E-01  0.4285714285714285E+00  0.6593156842190024E+00
  0.2040816326530612E-01  0.4489795918367346E+00  0.6636041776204398E+00
  0.2040816326530612E-01  0.4693877551020408E+00  0.6664494847195267E+00
  0.2040816326530612E-01  0.4897959183673469E+00  0.6678680600674294E+00
  0.2040816326530612E-01  0.5102040816326531E+00  0.6678680600674290E+00
  0.2040816326530612E-01  0.5306122448979591E+00  0.6664494847195258E+00
  0.2040816326530612E-01  0.5510204081632653E+00  0.6636041776204396E+00
  0.2040816326530612E-01  0.5714285714285714E+00  0.6593156842190014E+00
  0.2040816326530612E-01  0.5918367346938775E+00  0.6535589608764105E+00
  0.2040816326530612E-01  0.6122448979591836E+00  0.6462999191095482E+00
  0.2040816326530612E-01  0.6326530612244897E+00  0.6374947796694919E+00
  0.2040816326530612E-01  0.6530612244897959E+00  0.6270891987384428E+00
  0.2040816326530612E-01  0.6734693877551020E+00  0.6150171119720736E+00
  0.2040816326530612E-01  0.6938775510204082E+00  0.6011992190468226E+00
  0.2040816326530612E-01  0.7142857142857142E+00  0.5855409981434462E+00
  0.2040816326530612E-01  0.7346938775510203E+00  0.5679300904703977E+00
  0.2040816326530612E-01  0.7551020408163265E+00  0.5482328195049089E+00
  0.2040816326530612E-01  0.7755102040816326E+00  0.5262894906730488E+00
  0.2040816326530612E-01  0.7959183673469387E+00  0.5019079231143601E+00
  0.2040816326530612E-01  0.8163265306122448E+00  0.4748543362317259E+00
  0.2040816326530612E-01  0.8367346938775510E+00  0.4448401312078488E+00
  0.2040816326530612E-01  0.8571428571428571E+00  0.4115020221185650E+00
  0.2040816326530612E-01  0.8775510204081632E+00  0.3743708236010546E+00
  0.2040816326530612E-01  0.8979591836734693E+00  0.3328196443341666E+00
  0.2040816326530612E-01  0.9183673469387754E+00  0.2859717442489386E+00
  0.2040816326530612E-01  0.9387755102040816E+00  0.2325218439469523E+00
  0.2040816326530612E-01  0.9591836734693877E+00  0.1703509494848067E+00
  0.2040816326530612E-01  0.9795918367346939E+00  0.9558770340993002E-01
  0.2040816326530612E-01  0.9999999999999999E+00 -0.9540018307893249E-49
  0.4081632653061224E-01  0.0000000000000000E+00 -0.9540018307893249E-49
  0.4081632653061224E-01  0.2040816326530612E-01  0.1703509494848199E+00
  0.4081632653061224E-01  0.4081632653061224E-01  0.3116456472960050E+00
  0.4081632653061224E-01  0.6122448979591837E-01  0.4321163377053388E+00
  0.4081632653061224E-01  0.8163265306122448E-01  0.5368973669810289E+00
  0.4081632653061224E-01  0.1020408163265306E+00  0.6292880828712651E+00
  0.4081632653061224E-01  0.1224489795918367E+00  0.7115138743939897E+00
  0.4081632653061224E-01  0.1428571428571428E+00  0.7851495347566464E+00
  0.4081632653061224E-01  0.1632653061224490E+00  0.8513567064233584E+00
  0.4081632653061224E-01  0.1836734693877551E+00  0.9110219555540706E+00
  0.4081632653061224E-01  0.2040816326530612E+00  0.9648406431783769E+00
  0.4081632653061224E-01  0.2244897959183673E+00  0.1013370099246196E+01
  0.4081632653061224E-01  0.2448979591836735E+00  0.1057064667441916E+01
  0.4081632653061224E-01  0.2653061224489796E+00  0.1096299596836737E+01
  0.4081632653061224E-01  0.2857142857142857E+00  0.1131387809008304E+01
  0.4081632653061224E-01  0.3061224489795918E+00  0.1162591957238913E+01
  0.4081632653061224E-01  0.3265306122448979E+00  0.1190133278820742E+01
  0.4081632653061224E-01  0.3469387755102041E+00  0.1214198202309323E+01
  0.4081632653061224E-01  0.3673469387755102E+00  0.1234943343165629E+01
  0.4081632653061224E-01  0.3877551020408163E+00  0.1252499314900747E+01
  0.4081632653061224E-01  0.4081632653061224E+00  0.1266973649418961E+01
  0.4081632653061224E-01  0.4285714285714285E+00  0.1278453031597376E+01
  0.4081632653061224E-01  0.4489795918367346E+00  0.1287004992622732E+01
  0.4081632653061224E-01  0.4693877551020408E+00  0.1292679164120249E+01
  0.4081632653061224E-01  0.4897959183673469E+00  0.1295508164321041E+01
  0.4081632653061224E-01  0.5102040816326531E+00  0.1295508164321041E+01
  0.4081632653061224E-01  0.5306122448979591E+00  0.1292679164120247E+01
  0.4081632653061224E-01  0.5510204081632653E+00  0.1287004992622730E+01
  0.4081632653061224E-01  0.5714285714285714E+00  0.1278453031597375E+01
  0.4081632653061224E-01  0.5918367346938775E+00  0.1266973649418957E+01
  0.4081632653061224E-01  0.6122448979591836E+00  0.1252499314900745E+01
  0.4081632653061224E-01  0.6326530612244897E+00  0.1234943343165628E+01
  0.4081632653061224E-01  0.6530612244897959E+00  0.1214198202309322E+01
  0.4081632653061224E-01  0.6734693877551020E+00  0.1190133278820741E+01
  0.4081632653061224E-01  0.6938775510204082E+00  0.1162591957238911E+01
  0.4081632653061224E-01  0.7142857142857142E+00  0.1131387809008298E+01
  0.4081632653061224E-01  0.7346938775510203E+00  0.1096299596836731E+01
  0.4081632653061224E-01  0.7551020408163265E+00  0.1057064667441911E+01
  0.4081632653061224E-01  0.7755102040816326E+00  0.1013370099246194E+01
  0.4081632653061224E-01  0.7959183673469387E+00  0.9648406431783745E+00
  0.4081632653061224E-01  0.8163265306122448E+00  0.9110219555540667E+00
  0.4081632653061224E-01  0.8367346938775510E+00  0.8513567064233524E+00
  0.4081632653061224E-01  0.8571428571428571E+00  0.7851495347566311E+00
  0.4081632653061224E-01  0.8775510204081632E+00  0.7115138743939864E+00
  0.4081632653061224E-01  0.8979591836734693E+00  0.6292880828712794E+00
  0.4081632653061224E-01  0.9183673469387754E+00  0.5368973669810408E+00
  0.4081632653061224E-01  0.9387755102040816E+00  0.4321163377053257E+00
  0.4081632653061224E-01  0.9591836734693877E+00  0.3116456472959602E+00
  0.4081632653061224E-01  0.9795918367346939E+00  0.1703509494848001E+00
  0.4081632653061224E-01  0.9999999999999999E+00 -0.9540018307893249E-49
  0.6122448979591837E-01  0.0000000000000000E+00 -0.9540018307893249E-49
  0.6122448979591837E-01  0.2040816326530612E-01  0.2325218439470073E+00
  0.6122448979591837E-01  0.4081632653061224E-01  0.4321163377053316E+00
  0.6122448979591837E-01  0.6122448979591837E-01  0.6057529795457978E+00
  0.6122448979591837E-01  0.8163265306122448E-01  0.7585662264528805E+00
  0.6122448979591837E-01  0.1020408163265306E+00  0.8942747539311644E+00
  0.6122448979591837E-01  0.1224489795918367E+00  0.1015600706967027E+01
  0.6122448979591837E-01  0.1428571428571428E+00  0.1124579493398163E+01
  0.6122448979591837E-01  0.1632653061224490E+00  0.1222769437230730E+01
  0.6122448979591837E-01  0.1836734693877551E+00  0.1311390617940294E+01
  0.6122448979591837E-01  0.2040816326530612E+00  0.1391417300507496E+01
  0.6122448979591837E-01  0.2244897959183673E+00  0.1463640503521916E+01
  0.6122448979591837E-01  0.2448979591836735E+00  0.1528711243995139E+01
  0.6122448979591837E-01  0.2653061224489796E+00  0.1587171073652450E+01
  0.6122448979591837E-01  0.2857142857142857E+00  0.1639474083180226E+01
  0.6122448979591837E-01  0.3061224489795918E+00  0.1686003051409012E+01
  0.6122448979591837E-01  0.3265306122448979E+00  0.1727081487799623E+01
  0.6122448979591837E-01  0.3469387755102041E+00  0.1762982732778196E+01
  0.6122448979591837E-01  0.3673469387755102E+00  0.1793936906450759E+01
  0.6122448979591837E-01  0.3877551020408163E+00  0.1820136251696066E+01
  0.6122448979591837E-01  0.4081632653061224E+00  0.1841739254373127E+01
  0.6122448979591837E-01  0.4285714285714285E+00  0.1858873812011484E+01
  0.6122448979591837E-01  0.4489795918367346E+00  0.1871639644653853E+01
  0.6122448979591837E-01  0.4693877551020408E+00  0.1880110085951220E+01
  0.6122448979591837E-01  0.4897959183673469E+00  0.1884333351691563E+01
  0.6122448979591837E-01  0.5102040816326531E+00  0.1884333351691563E+01
  0.6122448979591837E-01  0.5306122448979591E+00  0.1880110085951219E+01
  0.6122448979591837E-01  0.5510204081632653E+00  0.1871639644653852E+01
  0.6122448979591837E-01  0.5714285714285714E+00  0.1858873812011482E+01
  0.6122448979591837E-01  0.5918367346938775E+00  0.1841739254373123E+01
  0.6122448979591837E-01  0.6122448979591836E+00  0.1820136251696063E+01
  0.6122448979591837E-01  0.6326530612244897E+00  0.1793936906450757E+01
  0.6122448979591837E-01  0.6530612244897959E+00  0.1762982732778196E+01
  0.6122448979591837E-01  0.6734693877551020E+00  0.1727081487799620E+01
  0.6122448979591837E-01  0.6938775510204082E+00  0.1686003051409007E+01
  0.6122448979591837E-01  0.7142857142857142E+00  0.1639474083180219E+01
  0.6122448979591837E-01  0.7346938775510203E+00  0.1587171073652446E+01
  0.6122448979591837E-01  0.7551020408163265E+00  0.1528711243995136E+01
  0.6122448979591837E-01  0.7755102040816326E+00  0.1463640503521914E+01
  0.6122448979591837E-01  0.7959183673469387E+00  0.1391417300507490E+01
  0.6122448979591837E-01  0.8163265306122448E+00  0.1311390617940281E+01
  0.6122448979591837E-01  0.8367346938775510E+00  0.1222769437230714E+01
  0.6122448979591837E-01  0.8571428571428571E+00  0.1124579493398154E+01
  0.6122448979591837E-01  0.8775510204081632E+00  0.1015600706967042E+01
  0.6122448979591837E-01  0.8979591836734693E+00  0.8942747539311948E+00
  0.6122448979591837E-01  0.9183673469387754E+00  0.7585662264529175E+00
  0.6122448979591837E-01  0.9387755102040816E+00  0.6057529795458177E+00
  0.6122448979591837E-01  0.9591836734693877E+00  0.4321163377053057E+00
  0.6122448979591837E-01  0.9795918367346939E+00  0.2325218439469470E+00
  0.6122448979591837E-01  0.9999999999999999E+00 -0.9540018307893249E-49
  0.8163265306122448E-01  0.0000000000000000E+00 -0.9540018307893249E-49
  0.8163265306122448E-01  0.2040816326530612E-01  0.2859717442489524E+00
  0.8163265306122448E-01  0.4081632653061224E-01  0.5368973669810282E+00
  0.8163265306122448E-01  0.6122448979591837E-01  0.7585662264528590E+00
  0.8163265306122448E-01  0.8163265306122448E-01  0.9556936519433967E+00
  0.8163265306122448E-01  0.1020408163265306E+00  0.1131998411239995E+01
  0.8163265306122448E-01  0.1224489795918367E+00  0.1290389623265622E+01
  0.8163265306122448E-01  0.1428571428571428E+00  0.1433153665648229E+01
  0.8163265306122448E-01  0.1632653061224490E+00  0.1562106711125439E+01
  0.8163265306122448E-01  0.1836734693877551E+00  0.1678709927534354E+01
  0.8163265306122448E-01  0.2040816326530612E+00  0.1784153919760510E+01
  0.8163265306122448E-01  0.2244897959183673E+00  0.1879420153514623E+01
  0.8163265306122448E-01  0.2448979591836735E+00  0.1965325785555229E+01
  0.8163265306122448E-01  0.2653061224489796E+00  0.2042556668269835E+01
  0.8163265306122448E-01  0.2857142857142857E+00  0.2111691914161699E+01
  0.8163265306122448E-01  0.3061224489795918E+00  0.2173222386717809E+01
  0.8163265306122448E-01  0.3265306122448979E+00  0.2227564768579926E+01
  0.8163265306122448E-01  0.3469387755102041E+00  0.2275072364468692E+01
  0.8163265306122448E-01  0.3673469387755102E+00  0.2316043457000753E+01
  0.8163265306122448E-01  0.3877551020408163E+00  0.2350727799015722E+01
  0.8163265306122448E-01  0.4081632653061224E+00  0.2379331662297105E+01
  0.8163265306122448E-01  0.4285714285714285E+00  0.2402021746716939E+01
  0.8163265306122448E-01  0.4489795918367346E+00  0.2418928170494155E+01
  0.8163265306122448E-01  0.4693877551020408E+00  0.2430146701082202E+01
  0.8163265306122448E-01  0.4897959183673469E+00  0.2435740340135018E+01
  0.8163265306122448E-01  0.5102040816326531E+00  0.2435740340135023E+01
  0.8163265306122448E-01  0.5306122448979591E+00  0.2430146701082201E+01
  0.8163265306122448E-01  0.5510204081632653E+00  0.2418928170494152E+01
  0.8163265306122448E-01  0.5714285714285714E+00  0.2402021746716933E+01
  0.8163265306122448E-01  0.5918367346938775E+00  0.2379331662297103E+01
  0.8163265306122448E-01  0.6122448979591836E+00  0.2350727799015716E+01
  0.8163265306122448E-01  0.6326530612244897E+00  0.2316043457000750E+01
  0.8163265306122448E-01  0.6530612244897959E+00  0.2275072364468689E+01
  0.8163265306122448E-01  0.6734693877551020E+00  0.2227564768579922E+01
  0.8163265306122448E-01  0.6938775510204082E+00  0.2173222386717806E+01
  0.8163265306122448E-01  0.7142857142857142E+00  0.2111691914161691E+01
  0.8163265306122448E-01  0.7346938775510203E+00  0.2042556668269828E+01
  0.8163265306122448E-01  0.7551020408163265E+00  0.1965325785555227E+01
  0.8163265306122448E-01  0.7755102040816326E+00  0.1879420153514621E+01
  0.8163265306122448E-01  0.7959183673469387E+00  0.1784153919760506E+01
  0.8163265306122448E-01  0.8163265306122448E+00  0.1678709927534337E+01
  0.8163265306122448E-01  0.8367346938775510E+00  0.1562106711125405E+01
  0.8163265306122448E-01  0.8571428571428571E+00  0.1433153665648219E+01
  0.8163265306122448E-01  0.8775510204081632E+00  0.1290389623265624E+01
  0.8163265306122448E-01  0.8979591836734693E+00  0.1131998411240043E+01
  0.8163265306122448E-01  0.9183673469387754E+00  0.9556936519434659E+00
  0.8163265306122448E-01  0.9387755102040816E+00  0.7585662264528990E+00
  0.8163265306122448E-01  0.9591836734693877E+00  0.5368973669810262E+00
  0.8163265306122448E-01  0.9795918367346939E+00  0.2859717442489405E+00
  0.8163265306122448E-01  0.9999999999999999E+00 -0.9540018307893249E-49
  0.1020408163265306E+00  0.0000000000000000E+00 -0.9540018307893249E-49
  0.1020408163265306E+00  0.2040816326530612E-01  0.3328196443341632E+00
  0.1020408163265306E+00  0.4081632653061224E-01  0.6292880828712502E+00
  0.1020408163265306E+00  0.6122448979591837E-01  0.8942747539311223E+00
  0.1020408163265306E+00  0.8163265306122448E-01  0.1131998411239951E+01
  0.1020408163265306E+00  0.1020408163265306E+00  0.1345991017729031E+01
  0.1020408163265306E+00  0.1224489795918367E+00  0.1539161770804996E+01
  0.1020408163265306E+00  0.1428571428571428E+00  0.1713895491003830E+01
  0.1020408163265306E+00  0.1632653061224490E+00  0.1872151007369156E+01
  0.1020408163265306E+00  0.1836734693877551E+00  0.2015546140236311E+01
  0.1020408163265306E+00  0.2040816326530612E+00  0.2145426415577691E+01
  0.1020408163265306E+00  0.2244897959183673E+00  0.2262918920090279E+01
  0.1020408163265306E+00  0.2448979591836735E+00  0.2368973949101820E+01
  0.1020408163265306E+00  0.2653061224489796E+00  0.2464397094031759E+01
  0.1020408163265306E+00  0.2857142857142857E+00  0.2549874000744281E+01
  0.1020408163265306E+00  0.3061224489795918E+00  0.2625989551256155E+01
  0.1020408163265306E+00  0.3265306122448979E+00  0.2693242800201419E+01
  0.1020408163265306E+00  0.3469387755102041E+00  0.2752058662249600E+01
  0.1020408163265306E+00  0.3673469387755102E+00  0.2802797091443327E+01
  0.1020408163265306E+00  0.3877551020408163E+00  0.2845760302902348E+01
  0.1020408163265306E+00  0.4081632653061224E+00  0.2881198446049156E+01
  0.1020408163265306E+00  0.4285714285714285E+00  0.2909314033534170E+01
  0.1020408163265306E+00  0.4489795918367346E+00  0.2930265351406885E+01
  0.1020408163265306E+00  0.4693877551020408E+00  0.2944169016356082E+01
  0.1020408163265306E+00  0.4897959183673469E+00  0.2951101799536088E+01
  0.1020408163265306E+00  0.5102040816326531E+00  0.2951101799536089E+01
  0.1020408163265306E+00  0.5306122448979591E+00  0.2944169016356077E+01
  0.1020408163265306E+00  0.5510204081632653E+00  0.2930265351406879E+01
  0.1020408163265306E+00  0.5714285714285714E+00  0.2909314033534170E+01
  0.1020408163265306E+00  0.5918367346938775E+00  0.2881198446049149E+01
  0.1020408163265306E+00  0.6122448979591836E+00  0.2845760302902347E+01
  0.1020408163265306E+00  0.6326530612244897E+00  0.2802797091443331E+01
  0.1020408163265306E+00  0.6530612244897959E+00  0.2752058662249599E+01
  0.1020408163265306E+00  0.6734693877551020E+00  0.2693242800201423E+01
  0.1020408163265306E+00  0.6938775510204082E+00  0.2625989551256153E+01
  0.1020408163265306E+00  0.7142857142857142E+00  0.2549874000744277E+01
  0.1020408163265306E+00  0.7346938775510203E+00  0.2464397094031757E+01
  0.1020408163265306E+00  0.7551020408163265E+00  0.2368973949101818E+01
  0.1020408163265306E+00  0.7755102040816326E+00  0.2262918920090274E+01
  0.1020408163265306E+00  0.7959183673469387E+00  0.2145426415577679E+01
  0.1020408163265306E+00  0.8163265306122448E+00  0.2015546140236292E+01
  0.1020408163265306E+00  0.8367346938775510E+00  0.1872151007369130E+01
  0.1020408163265306E+00  0.8571428571428571E+00  0.1713895491003823E+01
  0.1020408163265306E+00  0.8775510204081632E+00  0.1539161770805009E+01
  0.1020408163265306E+00  0.8979591836734693E+00  0.1345991017729072E+01
  0.1020408163265306E+00  0.9183673469387754E+00  0.1131998411240027E+01
  0.1020408163265306E+00  0.9387755102040816E+00  0.8942747539311577E+00
  0.1020408163265306E+00  0.9591836734693877E+00  0.6292880828712449E+00
  0.1020408163265306E+00  0.9795918367346939E+00  0.3328196443341436E+00
  0.1020408163265306E+00  0.9999999999999999E+00 -0.9540018307893249E-49
  0.1224489795918367E+00  0.0000000000000000E+00 -0.9540018307893249E-49
  0.1224489795918367E+00  0.2040816326530612E-01  0.3743708236010598E+00
  0.1224489795918367E+00  0.4081632653061224E-01  0.7115138743939735E+00
  0.1224489795918367E+00  0.6122448979591837E-01  0.1015600706966993E+01
  0.1224489795918367E+00  0.8163265306122448E-01  0.1290389623265576E+01
  0.1224489795918367E+00  0.1020408163265306E+00  0.1539161770804972E+01
  0.1224489795918367E+00  0.1224489795918367E+00  0.1764728048938100E+01
  0.1224489795918367E+00  0.1428571428571428E+00  0.1969473345663590E+01
  0.1224489795918367E+00  0.1632653061224490E+00  0.2155414171704967E+01
  0.1224489795918367E+00  0.1836734693877551E+00  0.2324256292288871E+01
  0.1224489795918367E+00  0.2040816326530612E+00  0.2477446304990900E+01
  0.1224489795918367E+00  0.2244897959183673E+00  0.2616215274282435E+01
  0.1224489795918367E+00  0.2448979591836735E+00  0.2741614550557371E+01
  0.1224489795918367E+00  0.2653061224489796E+00  0.2854544709269298E+01
  0.1224489795918367E+00  0.2857142857142857E+00  0.2955778750791136E+01
  0.1224489795918367E+00  0.3061224489795918E+00  0.3045980641640796E+01
  0.1224489795918367E+00  0.3265306122448979E+00  0.3125720123104841E+01
  0.1224489795918367E+00  0.3469387755102041E+00  0.3195484542233807E+01
  0.1224489795918367E+00  0.3673469387755102E+00  0.3255688304291551E+01
  0.1224489795918367E+00  0.3877551020408163E+00  0.3306680414710938E+01
  0.1224489795918367E+00  0.4081632653061224E+00  0.3348750472670173E+01
  0.1224489795918367E+00  0.4285714285714285E+00  0.3382133394270371E+01
  0.1224489795918367E+00  0.4489795918367346E+00  0.3407013076810596E+01
  0.1224489795918367E+00  0.4693877551020408E+00  0.3423525162874423E+01
  0.1224489795918367E+00  0.4897959183673469E+00  0.3431759020467011E+01
  0.1224489795918367E+00  0.5102040816326531E+00  0.3431759020467007E+01
  0.1224489795918367E+00  0.5306122448979591E+00  0.3423525162874417E+01
  0.1224489795918367E+00  0.5510204081632653E+00  0.3407013076810591E+01
  0.1224489795918367E+00  0.5714285714285714E+00  0.3382133394270365E+01
  0.1224489795918367E+00  0.5918367346938775E+00  0.3348750472670166E+01
  0.1224489795918367E+00  0.6122448979591836E+00  0.3306680414710930E+01
  0.1224489795918367E+00  0.6326530612244897E+00  0.3255688304291545E+01
  0.1224489795918367E+00  0.6530612244897959E+00  0.3195484542233808E+01
  0.1224489795918367E+00  0.6734693877551020E+00  0.3125720123104839E+01
  0.1224489795918367E+00  0.6938775510204082E+00  0.3045980641640790E+01
  0.1224489795918367E+00  0.7142857142857142E+00  0.2955778750791130E+01
  0.1224489795918367E+00  0.7346938775510203E+00  0.2854544709269291E+01
  0.1224489795918367E+00  0.7551020408163265E+00  0.2741614550557362E+01
  0.1224489795918367E+00  0.7755102040816326E+00  0.2616215274282426E+01
  0.1224489795918367E+00  0.7959183673469387E+00  0.2477446304990883E+01
  0.1224489795918367E+00  0.8163265306122448E+00  0.2324256292288848E+01
  0.1224489795918367E+00  0.8367346938775510E+00  0.2155414171704948E+01
  0.1224489795918367E+00  0.8571428571428571E+00  0.1969473345663565E+01
  0.1224489795918367E+00  0.8775510204081632E+00  0.1764728048938104E+01
  0.1224489795918367E+00  0.8979591836734693E+00  0.1539161770805009E+01
  0.1224489795918367E+00  0.9183673469387754E+00  0.1290389623265626E+01
  0.1224489795918367E+00  0.9387755102040816E+00  0.1015600706967033E+01
  0.1224489795918367E+00  0.9591836734693877E+00  0.7115138743939833E+00
  0.1224489795918367E+00  0.9795918367346939E+00  0.3743708236010653E+00
  0.1224489795918367E+00  0.9999999999999999E+00 -0.9540018307893249E-49
  0.1428571428571428E+00  0.0000000000000000E+00 -0.9540018307893249E-49
  0.1428571428571428E+00  0.2040816326530612E-01  0.4115020221185851E+00
  0.1428571428571428E+00  0.4081632653061224E-01  0.7851495347566380E+00
  0.1428571428571428E+00  0.6122448979591837E-01  0.1124579493398154E+01
  0.1428571428571428E+00  0.8163265306122448E-01  0.1433153665648218E+01
  0.1428571428571428E+00  0.1020408163265306E+00  0.1713895491003816E+01
  0.1428571428571428E+00  0.1224489795918367E+00  0.1969473345663575E+01
  0.1428571428571428E+00  0.1428571428571428E+00  0.2202214560942215E+01
  0.1428571428571428E+00  0.1632653061224490E+00  0.2414135705863831E+01
  0.1428571428571428E+00  0.1836734693877551E+00  0.2606978919804702E+01
  0.1428571428571428E+00  0.2040816326530612E+00  0.2782248243421879E+01
  0.1428571428571428E+00  0.2244897959183673E+00  0.2941242905061687E+01
  0.1428571428571428E+00  0.2448979591836735E+00  0.3085086375425797E+01
  0.1428571428571428E+00  0.2653061224489796E+00  0.3214751017893140E+01
  0.1428571428571428E+00  0.2857142857142857E+00  0.3331078649339215E+01
  0.1428571428571428E+00  0.3061224489795918E+00  0.3434797514924756E+01
  0.1428571428571428E+00  0.3265306122448979E+00  0.3526536213966519E+01
  0.1428571428571428E+00  0.3469387755102041E+00  0.3606835075476425E+01
  0.1428571428571428E+00  0.3673469387755102E+00  0.3676155415709846E+01
  0.1428571428571428E+00  0.3877551020408163E+00  0.3734887038290025E+01
  0.1428571428571428E+00  0.4081632653061224E+00  0.3783354270179491E+01
  0.1428571428571428E+00  0.4285714285714285E+00  0.3821820767633371E+01
  0.1428571428571428E+00  0.4489795918367346E+00  0.3850493275879703E+01
  0.1428571428571428E+00  0.4693877551020408E+00  0.3869524483824700E+01
  0.1428571428571428E+00  0.4897959183673469E+00  0.3879015079244674E+01
  0.1428571428571428E+00  0.5102040816326531E+00  0.3879015079244671E+01
  0.1428571428571428E+00  0.5306122448979591E+00  0.3869524483824700E+01
  0.1428571428571428E+00  0.5510204081632653E+00  0.3850493275879703E+01
  0.1428571428571428E+00  0.5714285714285714E+00  0.3821820767633368E+01
  0.1428571428571428E+00  0.5918367346938775E+00  0.3783354270179487E+01
  0.1428571428571428E+00  0.6122448979591836E+00  0.3734887038290021E+01
  0.1428571428571428E+00  0.6326530612244897E+00  0.3676155415709842E+01
  0.1428571428571428E+00  0.6530612244897959E+00  0.3606835075476421E+01
  0.1428571428571428E+00  0.6734693877551020E+00  0.3526536213966518E+01
  0.1428571428571428E+00  0.6938775510204082E+00  0.3434797514924751E+01
  0.1428571428571428E+00  0.7142857142857142E+00  0.3331078649339212E+01
  0.1428571428571428E+00  0.7346938775510203E+00  0.3214751017893130E+01
  0.1428571428571428E+00  0.7551020408163265E+00  0.3085086375425784E+01
  0.1428571428571428E+00  0.7755102040816326E+00  0.2941242905061671E+01
  0.1428571428571428E+00  0.7959183673469387E+00  0.2782248243421853E+01
  0.1428571428571428E+00  0.8163265306122448E+00  0.2606978919804674E+01
  0.1428571428571428E+00  0.8367346938775510E+00  0.2414135705863798E+01
  0.1428571428571428E+00  0.8571428571428571E+00  0.2202214560942174E+01
  0.1428571428571428E+00  0.8775510204081632E+00  0.1969473345663574E+01
  0.1428571428571428E+00  0.8979591836734693E+00  0.1713895491003834E+01
  0.1428571428571428E+00  0.9183673469387754E+00  0.1433153665648243E+01
  0.1428571428571428E+00  0.9387755102040816E+00  0.1124579493398189E+01
  0.1428571428571428E+00  0.9591836734693877E+00  0.7851495347566918E+00
  0.1428571428571428E+00  0.9795918367346939E+00  0.4115020221185792E+00
  0.1428571428571428E+00  0.9999999999999999E+00 -0.9540018307893249E-49
  0.1632653061224490E+00  0.0000000000000000E+00 -0.9540018307893249E-49
  0.1632653061224490E+00  0.2040816326530612E-01  0.4448401312078811E+00
  0.1632653061224490E+00  0.4081632653061224E-01  0.8513567064233803E+00
  0.1632653061224490E+00  0.6122448979591837E-01  0.1222769437230732E+01
  0.1632653061224490E+00  0.8163265306122448E-01  0.1562106711125440E+01
  0.1632653061224490E+00  0.1020408163265306E+00  0.1872151007369161E+01
  0.1632653061224490E+00  0.1224489795918367E+00  0.2155414171704972E+01
  0.1632653061224490E+00  0.1428571428571428E+00  0.2414135705863820E+01
  0.1632653061224490E+00  0.1632653061224490E+00  0.2650295912926382E+01
  0.1632653061224490E+00  0.1836734693877551E+00  0.2865636982745936E+01
  0.1632653061224490E+00  0.2040816326530612E+00  0.3061687118916611E+01
  0.1632653061224490E+00  0.2244897959183673E+00  0.3239784664404865E+01
  0.1632653061224490E+00  0.2448979591836735E+00  0.3401100564577385E+01
  0.1632653061224490E+00  0.2653061224489796E+00  0.3546658413968954E+01
  0.1632653061224490E+00  0.2857142857142857E+00  0.3677351874675146E+01
  0.1632653061224490E+00  0.3061224489795918E+00  0.3793959547661736E+01
  0.1632653061224490E+00  0.3265306122448979E+00  0.3897157517354687E+01
  0.1632653061224490E+00  0.3469387755102041E+00  0.3987529839429397E+01
  0.1632653061224490E+00  0.3673469387755102E+00  0.4065577242929698E+01
  0.1632653061224490E+00  0.3877551020408163E+00  0.4131724295321329E+01
  0.1632653061224490E+00  0.4081632653061224E+00  0.4186325246748568E+01
  0.1632653061224490E+00  0.4285714285714285E+00  0.4229668735038412E+01
  0.1632653061224490E+00  0.4489795918367346E+00  0.4261981499503688E+01
  0.1632653061224490E+00  0.4693877551020408E+00  0.4283431220817194E+01
  0.1632653061224490E+00  0.4897959183673469E+00  0.4294128576487183E+01
  0.1632653061224490E+00  0.5102040816326531E+00  0.4294128576487183E+01
  0.1632653061224490E+00  0.5306122448979591E+00  0.4283431220817194E+01
  0.1632653061224490E+00  0.5510204081632653E+00  0.4261981499503687E+01
  0.1632653061224490E+00  0.5714285714285714E+00  0.4229668735038409E+01
  0.1632653061224490E+00  0.5918367346938775E+00  0.4186325246748566E+01
  0.1632653061224490E+00  0.6122448979591836E+00  0.4131724295321317E+01
  0.1632653061224490E+00  0.6326530612244897E+00  0.4065577242929694E+01
  0.1632653061224490E+00  0.6530612244897959E+00  0.3987529839429391E+01
  0.1632653061224490E+00  0.6734693877551020E+00  0.3897157517354683E+01
  0.1632653061224490E+00  0.6938775510204082E+00  0.3793959547661730E+01
  0.1632653061224490E+00  0.7142857142857142E+00  0.3677351874675138E+01
  0.1632653061224490E+00  0.7346938775510203E+00  0.3546658413968940E+01
  0.1632653061224490E+00  0.7551020408163265E+00  0.3401100564577365E+01
  0.1632653061224490E+00  0.7755102040816326E+00  0.3239784664404843E+01
  0.1632653061224490E+00  0.7959183673469387E+00  0.3061687118916582E+01
  0.1632653061224490E+00  0.8163265306122448E+00  0.2865636982745900E+01
  0.1632653061224490E+00  0.8367346938775510E+00  0.2650295912926332E+01
  0.1632653061224490E+00  0.8571428571428571E+00  0.2414135705863786E+01
  0.1632653061224490E+00  0.8775510204081632E+00  0.2155414171704956E+01
  0.1632653061224490E+00  0.8979591836734693E+00  0.1872151007369152E+01
  0.1632653061224490E+00  0.9183673469387754E+00  0.1562106711125456E+01
  0.1632653061224490E+00  0.9387755102040816E+00  0.1222769437230779E+01
  0.1632653061224490E+00  0.9591836734693877E+00  0.8513567064234314E+00
  0.1632653061224490E+00  0.9795918367346939E+00  0.4448401312079037E+00
  0.1632653061224490E+00  0.9999999999999999E+00 -0.9540018307893249E-49
  0.1836734693877551E+00  0.0000000000000000E+00 -0.9540018307893249E-49
  0.1836734693877551E+00  0.2040816326530612E-01  0.4748543362317694E+00
  0.1836734693877551E+00  0.4081632653061224E-01  0.9110219555540927E+00
  0.1836734693877551E+00  0.6122448979591837E-01  0.1311390617940317E+01
  0.1836734693877551E+00  0.8163265306122448E-01  0.1678709927534388E+01
  0.1836734693877551E+00  0.1020408163265306E+00  0.2015546140236333E+01
  0.1836734693877551E+00  0.1224489795918367E+00  0.2324256292288886E+01
  0.1836734693877551E+00  0.1428571428571428E+00  0.2606978919804711E+01
  0.1836734693877551E+00  0.1632653061224490E+00  0.2865636982745947E+01
  0.1836734693877551E+00  0.1836734693877551E+00  0.3101948601730798E+01
  0.1836734693877551E+00  0.2040816326530612E+00  0.3317442024023859E+01
  0.1836734693877551E+00  0.2244897959183673E+00  0.3513472249757922E+01
  0.1836734693877551E+00  0.2448979591836735E+00  0.3691237657073711E+01
  0.1836734693877551E+00  0.2653061224489796E+00  0.3851795657532378E+01
  0.1836734693877551E+00  0.2857142857142857E+00  0.3996076890862204E+01
  0.1836734693877551E+00  0.3061224489795918E+00  0.4124897772486810E+01
  0.1836734693877551E+00  0.3265306122448979E+00  0.4238971386968008E+01
  0.1836734693877551E+00  0.3469387755102041E+00  0.4338916816958197E+01
  0.1836734693877551E+00  0.3673469387755102E+00  0.4425267041321706E+01
  0.1836734693877551E+00  0.3877551020408163E+00  0.4498475548878415E+01
  0.1836734693877551E+00  0.4081632653061224E+00  0.4558921809425671E+01
  0.1836734693877551E+00  0.4285714285714285E+00  0.4606915729761313E+01
  0.1836734693877551E+00  0.4489795918367346E+00  0.4642701204353149E+01
  0.1836734693877551E+00  0.4693877551020408E+00  0.4666458850863553E+01
  0.1836734693877551E+00  0.4897959183673469E+00  0.4678308001363776E+01
  0.1836734693877551E+00  0.5102040816326531E+00  0.4678308001363770E+01
  0.1836734693877551E+00  0.5306122448979591E+00  0.4666458850863553E+01
  0.1836734693877551E+00  0.5510204081632653E+00  0.4642701204353143E+01
  0.1836734693877551E+00  0.5714285714285714E+00  0.4606915729761305E+01
  0.1836734693877551E+00  0.5918367346938775E+00  0.4558921809425661E+01
  0.1836734693877551E+00  0.6122448979591836E+00  0.4498475548878409E+01
  0.1836734693877551E+00  0.6326530612244897E+00  0.4425267041321700E+01
  0.1836734693877551E+00  0.6530612244897959E+00  0.4338916816958190E+01
  0.1836734693877551E+00  0.6734693877551020E+00  0.4238971386967995E+01
  0.1836734693877551E+00  0.6938775510204082E+00  0.4124897772486792E+01
  0.1836734693877551E+00  0.7142857142857142E+00  0.3996076890862187E+01
  0.1836734693877551E+00  0.7346938775510203E+00  0.3851795657532357E+01
  0.1836734693877551E+00  0.7551020408163265E+00  0.3691237657073687E+01
  0.1836734693877551E+00  0.7755102040816326E+00  0.3513472249757896E+01
  0.1836734693877551E+00  0.7959183673469387E+00  0.3317442024023833E+01
  0.1836734693877551E+00  0.8163265306122448E+00  0.3101948601730762E+01
  0.1836734693877551E+00  0.8367346938775510E+00  0.2865636982745894E+01
  0.1836734693877551E+00  0.8571428571428571E+00  0.2606978919804671E+01
  0.1836734693877551E+00  0.8775510204081632E+00  0.2324256292288871E+01
  0.1836734693877551E+00  0.8979591836734693E+00  0.2015546140236334E+01
  0.1836734693877551E+00  0.9183673469387754E+00  0.1678709927534420E+01
  0.1836734693877551E+00  0.9387755102040816E+00  0.1311390617940372E+01
  0.1836734693877551E+00  0.9591836734693877E+00  0.9110219555541632E+00
  0.1836734693877551E+00  0.9795918367346939E+00  0.4748543362318045E+00
  0.1836734693877551E+00  0.9999999999999999E+00 -0.9540018307893249E-49
  0.2040816326530612E+00  0.0000000000000000E+00 -0.9540018307893249E-49
  0.2040816326530612E+00  0.2040816326530612E-01  0.5019079231144178E+00
  0.2040816326530612E+00  0.4081632653061224E-01  0.9648406431784109E+00
  0.2040816326530612E+00  0.6122448979591837E-01  0.1391417300507538E+01
  0.2040816326530612E+00  0.8163265306122448E-01  0.1784153919760558E+01
  0.2040816326530612E+00  0.1020408163265306E+00  0.2145426415577729E+01
  0.2040816326530612E+00  0.1224489795918367E+00  0.2477446304990932E+01
  0.2040816326530612E+00  0.1428571428571428E+00  0.2782248243421896E+01
  0.2040816326530612E+00  0.1632653061224490E+00  0.3061687118916628E+01
  0.2040816326530612E+00  0.1836734693877551E+00  0.3317442024023868E+01
  0.2040816326530612E+00  0.2040816326530612E+00  0.3551024629821829E+01
  0.2040816326530612E+00  0.2244897959183673E+00  0.3763789974113398E+01
  0.2040816326530612E+00  0.2448979591836735E+00  0.3956948217391998E+01
  0.2040816326530612E+00  0.2653061224489796E+00  0.4131576397902518E+01
  0.2040816326530612E+00  0.2857142857142857E+00  0.4288629589353770E+01
  0.2040816326530612E+00  0.3061224489795918E+00  0.4428951131584705E+01
  0.2040816326530612E+00  0.3265306122448979E+00  0.4553281783310513E+01
  0.2040816326530612E+00  0.3469387755102041E+00  0.4662267758617711E+01
  0.2040816326530612E+00  0.3673469387755102E+00  0.4756467674667305E+01
  0.2040816326530612E+00  0.3877551020408163E+00  0.4836358472500152E+01
  0.2040816326530612E+00  0.4081632653061224E+00  0.4902340387124100E+01
  0.2040816326530612E+00  0.4285714285714285E+00  0.4954741044929108E+01
  0.2040816326530612E+00  0.4489795918367346E+00  0.4993818761029169E+01
  0.2040816326530612E+00  0.4693877551020408E+00  0.5019765099614200E+01
  0.2040816326530612E+00  0.4897959183673469E+00  0.5032706748785571E+01
  0.2040816326530612E+00  0.5102040816326531E+00  0.5032706748785572E+01
  0.2040816326530612E+00  0.5306122448979591E+00  0.5019765099614194E+01
  0.2040816326530612E+00  0.5510204081632653E+00  0.4993818761029162E+01
  0.2040816326530612E+00  0.5714285714285714E+00  0.4954741044929098E+01
  0.2040816326530612E+00  0.5918367346938775E+00  0.4902340387124095E+01
  0.2040816326530612E+00  0.6122448979591836E+00  0.4836358472500145E+01
  0.2040816326530612E+00  0.6326530612244897E+00  0.4756467674667292E+01
  0.2040816326530612E+00  0.6530612244897959E+00  0.4662267758617695E+01
  0.2040816326530612E+00  0.6734693877551020E+00  0.4553281783310498E+01
  0.2040816326530612E+00  0.6938775510204082E+00  0.4428951131584690E+01
  0.2040816326530612E+00  0.7142857142857142E+00  0.4288629589353754E+01
  0.2040816326530612E+00  0.7346938775510203E+00  0.4131576397902492E+01
  0.2040816326530612E+00  0.7551020408163265E+00  0.3956948217391974E+01
  0.2040816326530612E+00  0.7755102040816326E+00  0.3763789974113362E+01
  0.2040816326530612E+00  0.7959183673469387E+00  0.3551024629821796E+01
  0.2040816326530612E+00  0.8163265306122448E+00  0.3317442024023833E+01
  0.2040816326530612E+00  0.8367346938775510E+00  0.3061687118916583E+01
  0.2040816326530612E+00  0.8571428571428571E+00  0.2782248243421863E+01
  0.2040816326530612E+00  0.8775510204081632E+00  0.2477446304990917E+01
  0.2040816326530612E+00  0.8979591836734693E+00  0.2145426415577742E+01
  0.2040816326530612E+00  0.9183673469387754E+00  0.1784153919760604E+01
  0.2040816326530612E+00  0.9387755102040816E+00  0.1391417300507600E+01
  0.2040816326530612E+00  0.9591836734693877E+00  0.9648406431784923E+00
  0.2040816326530612E+00  0.9795918367346939E+00  0.5019079231144525E+00
  0.2040816326530612E+00  0.9999999999999999E+00 -0.9540018307893249E-49
  0.2244897959183673E+00  0.0000000000000000E+00 -0.9540018307893249E-49
  0.2244897959183673E+00  0.2040816326530612E-01  0.5262894906731141E+00
  0.2244897959183673E+00  0.4081632653061224E-01  0.1013370099246238E+01
  0.2244897959183673E+00  0.6122448979591837E-01  0.1463640503521971E+01
  0.2244897959183673E+00  0.8163265306122448E-01  0.1879420153514687E+01
  0.2244897959183673E+00  0.1020408163265306E+00  0.2262918920090334E+01
  0.2244897959183673E+00  0.1224489795918367E+00  0.2616215274282479E+01
  0.2244897959183673E+00  0.1428571428571428E+00  0.2941242905061717E+01
  0.2244897959183673E+00  0.1632653061224490E+00  0.3239784664404895E+01
  0.2244897959183673E+00  0.1836734693877551E+00  0.3513472249757940E+01
  0.2244897959183673E+00  0.2040816326530612E+00  0.3763789974113408E+01
  0.2244897959183673E+00  0.2244897959183673E+00  0.3992081162622087E+01
  0.2244897959183673E+00  0.2448979591836735E+00  0.4199556008109448E+01
  0.2244897959183673E+00  0.2653061224489796E+00  0.4387300022277323E+01
  0.2244897959183673E+00  0.2857142857142857E+00  0.4556282486126850E+01
  0.2244897959183673E+00  0.3061224489795918E+00  0.4707364514678464E+01
  0.2244897959183673E+00  0.3265306122448979E+00  0.4841306507391014E+01
  0.2244897959183673E+00  0.3469387755102041E+00  0.4958774864773297E+01
  0.2244897959183673E+00  0.3673469387755102E+00  0.5060347923804303E+01
  0.2244897959183673E+00  0.3877551020408163E+00  0.5146521109645117E+01
  0.2244897959183673E+00  0.4081632653061224E+00  0.5217711326765948E+01
  0.2244897959183673E+00  0.4285714285714285E+00  0.5274260625171451E+01
  0.2244897959183673E+00  0.4489795918367346E+00  0.5316439181345845E+01
  0.2244897959183673E+00  0.4693877551020408E+00  0.5344447631968833E+01
  0.2244897959183673E+00  0.4897959183673469E+00  0.5358418793470159E+01
  0.2244897959183673E+00  0.5102040816326531E+00  0.5358418793470158E+01
  0.2244897959183673E+00  0.5306122448979591E+00  0.5344447631968835E+01
  0.2244897959183673E+00  0.5510204081632653E+00  0.5316439181345840E+01
  0.2244897959183673E+00  0.5714285714285714E+00  0.5274260625171438E+01
  0.2244897959183673E+00  0.5918367346938775E+00  0.5217711326765937E+01
  0.2244897959183673E+00  0.6122448979591836E+00  0.5146521109645104E+01
  0.2244897959183673E+00  0.6326530612244897E+00  0.5060347923804291E+01
  0.2244897959183673E+00  0.6530612244897959E+00  0.4958774864773277E+01
  0.2244897959183673E+00  0.6734693877551020E+00  0.4841306507390993E+01
  0.2244897959183673E+00  0.6938775510204082E+00  0.4707364514678446E+01
  0.2244897959183673E+00  0.7142857142857142E+00  0.4556282486126838E+01
  0.2244897959183673E+00  0.7346938775510203E+00  0.4387300022277302E+01
  0.2244897959183673E+00  0.7551020408163265E+00  0.4199556008109411E+01
  0.2244897959183673E+00  0.7755102040816326E+00  0.3992081162622050E+01
  0.2244897959183673E+00  0.7959183673469387E+00  0.3763789974113370E+01
  0.2244897959183673E+00  0.8163265306122448E+00  0.3513472249757902E+01
  0.2244897959183673E+00  0.8367346938775510E+00  0.3239784664404846E+01
  0.2244897959183673E+00  0.8571428571428571E+00  0.2941242905061678E+01
  0.2244897959183673E+00  0.8775510204081632E+00  0.2616215274282462E+01
  0.2244897959183673E+00  0.8979591836734693E+00  0.2262918920090342E+01
  0.2244897959183673E+00  0.9183673469387754E+00  0.1879420153514741E+01
  0.2244897959183673E+00  0.9387755102040816E+00  0.1463640503522038E+01
  0.2244897959183673E+00  0.9591836734693877E+00  0.1013370099246325E+01
  0.2244897959183673E+00  0.9795918367346939E+00  0.5262894906731498E+00
  0.2244897959183673E+00  0.9999999999999999E+00 -0.9540018307893249E-49
  0.2448979591836735E+00  0.0000000000000000E+00 -0.9540018307893249E-49
  0.2448979591836735E+00  0.2040816326530612E-01  0.5482328195049774E+00
  0.2448979591836735E+00  0.4081632653061224E-01  0.1057064667441960E+01
  0.2448979591836735E+00  0.6122448979591837E-01  0.1528711243995202E+01
  0.2448979591836735E+00  0.8163265306122448E-01  0.1965325785555308E+01
  0.2448979591836735E+00  0.1020408163265306E+00  0.2368973949101878E+01
  0.2448979591836735E+00  0.1224489795918367E+00  0.2741614550557422E+01
  0.2448979591836735E+00  0.1428571428571428E+00  0.3085086375425834E+01
  0.2448979591836735E+00  0.1632653061224490E+00  0.3401100564577426E+01
  0.2448979591836735E+00  0.1836734693877551E+00  0.3691237657073738E+01
  0.2448979591836735E+00  0.2040816326530612E+00  0.3956948217392018E+01
  0.2448979591836735E+00  0.2244897959183673E+00  0.4199556008109456E+01
  0.2448979591836735E+00  0.2448979591836735E+00  0.4420262808222211E+01
  0.2448979591836735E+00  0.2653061224489796E+00  0.4620154156987212E+01
  0.2448979591836735E+00  0.2857142857142857E+00  0.4800205482014971E+01
  0.2448979591836735E+00  0.3061224489795918E+00  0.4961288226674668E+01
  0.2448979591836735E+00  0.3265306122448979E+00  0.5104175717724339E+01
  0.2448979591836735E+00  0.3469387755102041E+00  0.5229548609450358E+01
  0.2448979591836735E+00  0.3673469387755102E+00  0.5337999809346522E+01
  0.2448979591836735E+00  0.3877551020408163E+00  0.5430038837630460E+01
  0.2448979591836735E+00  0.4081632653061224E+00  0.5506095603745917E+01
  0.2448979591836735E+00  0.4285714285714285E+00  0.5566523601791609E+01
  0.2448979591836735E+00  0.4489795918367346E+00  0.5611602537031430E+01
  0.2448979591836735E+00  0.4693877551020408E+00  0.5641540399915916E+01
  0.2448979591836735E+00  0.4897959183673469E+00  0.5656475004315777E+01
  0.2448979591836735E+00  0.5102040816326531E+00  0.5656475004315782E+01
  0.2448979591836735E+00  0.5306122448979591E+00  0.5641540399915906E+01
  0.2448979591836735E+00  0.5510204081632653E+00  0.5611602537031422E+01
  0.2448979591836735E+00  0.5714285714285714E+00  0.5566523601791599E+01
  0.2448979591836735E+00  0.5918367346938775E+00  0.5506095603745899E+01
  0.2448979591836735E+00  0.6122448979591836E+00  0.5430038837630447E+01
  0.2448979591836735E+00  0.6326530612244897E+00  0.5337999809346509E+01
  0.2448979591836735E+00  0.6530612244897959E+00  0.5229548609450347E+01
  0.2448979591836735E+00  0.6734693877551020E+00  0.5104175717724315E+01
  0.2448979591836735E+00  0.6938775510204082E+00  0.4961288226674642E+01
  0.2448979591836735E+00  0.7142857142857142E+00  0.4800205482014949E+01
  0.2448979591836735E+00  0.7346938775510203E+00  0.4620154156987190E+01
  0.2448979591836735E+00  0.7551020408163265E+00  0.4420262808222183E+01
  0.2448979591836735E+00  0.7755102040816326E+00  0.4199556008109417E+01
  0.2448979591836735E+00  0.7959183673469387E+00  0.3956948217391975E+01
  0.2448979591836735E+00  0.8163265306122448E+00  0.3691237657073692E+01
  0.2448979591836735E+00  0.8367346938775510E+00  0.3401100564577368E+01
  0.2448979591836735E+00  0.8571428571428571E+00  0.3085086375425788E+01
  0.2448979591836735E+00  0.8775510204081632E+00  0.2741614550557403E+01
  0.2448979591836735E+00  0.8979591836734693E+00  0.2368973949101894E+01
  0.2448979591836735E+00  0.9183673469387754E+00  0.1965325785555349E+01
  0.2448979591836735E+00  0.9387755102040816E+00  0.1528711243995271E+01
  0.2448979591836735E+00  0.9591836734693877E+00  0.1057064667442048E+01
  0.2448979591836735E+00  0.9795918367346939E+00  0.5482328195050159E+00
  0.2448979591836735E+00  0.9999999999999999E+00 -0.9540018307893249E-49
  0.2653061224489796E+00  0.0000000000000000E+00 -0.9540018307893249E-49
  0.2653061224489796E+00  0.2040816326530612E-01  0.5679300904704701E+00
  0.2653061224489796E+00  0.4081632653061224E-01  0.1096299596836788E+01
  0.2653061224489796E+00  0.6122448979591837E-01  0.1587171073652519E+01
  0.2653061224489796E+00  0.8163265306122448E-01  0.2042556668269916E+01
  0.2653061224489796E+00  0.1020408163265306E+00  0.2464397094031821E+01
  0.2653061224489796E+00  0.1224489795918367E+00  0.2854544709269354E+01
  0.2653061224489796E+00  0.1428571428571428E+00  0.3214751017893187E+01
  0.2653061224489796E+00  0.1632653061224490E+00  0.3546658413969008E+01
  0.2653061224489796E+00  0.1836734693877551E+00  0.3851795657532413E+01
  0.2653061224489796E+00  0.2040816326530612E+00  0.4131576397902530E+01
  0.2653061224489796E+00  0.2244897959183673E+00  0.4387300022277334E+01
  0.2653061224489796E+00  0.2448979591836735E+00  0.4620154156987219E+01
  0.2653061224489796E+00  0.2653061224489796E+00  0.4831218245272590E+01
  0.2653061224489796E+00  0.2857142857142857E+00  0.5021467738010770E+01
  0.2653061224489796E+00  0.3061224489795918E+00  0.5191778542919082E+01
  0.2653061224489796E+00  0.3265306122448979E+00  0.5342931473136066E+01
  0.2653061224489796E+00  0.3469387755102041E+00  0.5475616513881533E+01
  0.2653061224489796E+00  0.3673469387755102E+00  0.5590436786117004E+01
  0.2653061224489796E+00  0.3877551020408163E+00  0.5687912130736560E+01
  0.2653061224489796E+00  0.4081632653061224E+00  0.5768482268519109E+01
  0.2653061224489796E+00  0.4285714285714285E+00  0.5832509512619563E+01
  0.2653061224489796E+00  0.4489795918367346E+00  0.5880281024224953E+01
  0.2653061224489796E+00  0.4693877551020408E+00  0.5912010610189340E+01
  0.2653061224489796E+00  0.4897959183673469E+00  0.5927840065604609E+01
  0.2653061224489796E+00  0.5102040816326531E+00  0.5927840065604603E+01
  0.2653061224489796E+00  0.5306122448979591E+00  0.5912010610189331E+01
  0.2653061224489796E+00  0.5510204081632653E+00  0.5880281024224946E+01
  0.2653061224489796E+00  0.5714285714285714E+00  0.5832509512619563E+01
  0.2653061224489796E+00  0.5918367346938775E+00  0.5768482268519092E+01
  0.2653061224489796E+00  0.6122448979591836E+00  0.5687912130736542E+01
  0.2653061224489796E+00  0.6326530612244897E+00  0.5590436786116984E+01
  0.2653061224489796E+00  0.6530612244897959E+00  0.5475616513881516E+01
  0.2653061224489796E+00  0.6734693877551020E+00  0.5342931473136050E+01
  0.2653061224489796E+00  0.6938775510204082E+00  0.5191778542919058E+01
  0.2653061224489796E+00  0.7142857142857142E+00  0.5021467738010736E+01
  0.2653061224489796E+00  0.7346938775510203E+00  0.4831218245272551E+01
  0.2653061224489796E+00  0.7551020408163265E+00  0.4620154156987185E+01
  0.2653061224489796E+00  0.7755102040816326E+00  0.4387300022277293E+01
  0.2653061224489796E+00  0.7959183673469387E+00  0.4131576397902484E+01
  0.2653061224489796E+00  0.8163265306122448E+00  0.3851795657532354E+01
  0.2653061224489796E+00  0.8367346938775510E+00  0.3546658413968941E+01
  0.2653061224489796E+00  0.8571428571428571E+00  0.3214751017893137E+01
  0.2653061224489796E+00  0.8775510204081632E+00  0.2854544709269337E+01
  0.2653061224489796E+00  0.8979591836734693E+00  0.2464397094031836E+01
  0.2653061224489796E+00  0.9183673469387754E+00  0.2042556668269961E+01
  0.2653061224489796E+00  0.9387755102040816E+00  0.1587171073652587E+01
  0.2653061224489796E+00  0.9591836734693877E+00  0.1096299596836876E+01
  0.2653061224489796E+00  0.9795918367346939E+00  0.5679300904705039E+00
  0.2653061224489796E+00  0.9999999999999999E+00 -0.9540018307893249E-49
  0.2857142857142857E+00  0.0000000000000000E+00 -0.9540018307893249E-49
  0.2857142857142857E+00  0.2040816326530612E-01  0.5855409981435244E+00
  0.2857142857142857E+00  0.4081632653061224E-01  0.1131387809008362E+01
  0.2857142857142857E+00  0.6122448979591837E-01  0.1639474083180297E+01
  0.2857142857142857E+00  0.8163265306122448E-01  0.2111691914161777E+01
  0.2857142857142857E+00  0.1020408163265306E+00  0.2549874000744349E+01
  0.2857142857142857E+00  0.1224489795918367E+00  0.2955778750791200E+01
  0.2857142857142857E+00  0.1428571428571428E+00  0.3331078649339271E+01
  0.2857142857142857E+00  0.1632653061224490E+00  0.3677351874675205E+01
  0.2857142857142857E+00  0.1836734693877551E+00  0.3996076890862244E+01
  0.2857142857142857E+00  0.2040816326530612E+00  0.4288629589353808E+01
  0.2857142857142857E+00  0.2244897959183673E+00  0.4556282486126882E+01
  0.2857142857142857E+00  0.2448979591836735E+00  0.4800205482014984E+01
  0.2857142857142857E+00  0.2653061224489796E+00  0.5021467738010784E+01
  0.2857142857142857E+00  0.2857142857142857E+00  0.5221040283118149E+01
  0.2857142857142857E+00  0.3061224489795918E+00  0.5399799044469331E+01
  0.2857142857142857E+00  0.3265306122448979E+00  0.5558528058175408E+01
  0.2857142857142857E+00  0.3469387755102041E+00  0.5697922679602843E+01
  0.2857142857142857E+00  0.3673469387755102E+00  0.5818592661502081E+01
  0.2857142857142857E+00  0.3877551020408163E+00  0.5921065007656472E+01
  0.2857142857142857E+00  0.4081632653061224E+00  0.6005786539520275E+01
  0.2857142857142857E+00  0.4285714285714285E+00  0.6073126135157569E+01
  0.2857142857142857E+00  0.4489795918367346E+00  0.6123376615239491E+01
  0.2857142857142857E+00  0.4693877551020408E+00  0.6156756261343469E+01
  0.2857142857142857E+00  0.4897959183673469E+00  0.6173409958568867E+01
  0.2857142857142857E+00  0.5102040816326531E+00  0.6173409958568864E+01
  0.2857142857142857E+00  0.5306122448979591E+00  0.6156756261343468E+01
  0.2857142857142857E+00  0.5510204081632653E+00  0.6123376615239478E+01
  0.2857142857142857E+00  0.5714285714285714E+00  0.6073126135157554E+01
  0.2857142857142857E+00  0.5918367346938775E+00  0.6005786539520257E+01
  0.2857142857142857E+00  0.6122448979591836E+00  0.5921065007656460E+01
  0.2857142857142857E+00  0.6326530612244897E+00  0.5818592661502060E+01
  0.2857142857142857E+00  0.6530612244897959E+00  0.5697922679602824E+01
  0.2857142857142857E+00  0.6734693877551020E+00  0.5558528058175380E+01
  0.2857142857142857E+00  0.6938775510204082E+00  0.5399799044469300E+01
  0.2857142857142857E+00  0.7142857142857142E+00  0.5221040283118108E+01
  0.2857142857142857E+00  0.7346938775510203E+00  0.5021467738010738E+01
  0.2857142857142857E+00  0.7551020408163265E+00  0.4800205482014944E+01
  0.2857142857142857E+00  0.7755102040816326E+00  0.4556282486126831E+01
  0.2857142857142857E+00  0.7959183673469387E+00  0.4288629589353748E+01
  0.2857142857142857E+00  0.8163265306122448E+00  0.3996076890862184E+01
  0.2857142857142857E+00  0.8367346938775510E+00  0.3677351874675140E+01
  0.2857142857142857E+00  0.8571428571428571E+00  0.3331078649339218E+01
  0.2857142857142857E+00  0.8775510204081632E+00  0.2955778750791179E+01
  0.2857142857142857E+00  0.8979591836734693E+00  0.2549874000744359E+01
  0.2857142857142857E+00  0.9183673469387754E+00  0.2111691914161827E+01
  0.2857142857142857E+00  0.9387755102040816E+00  0.1639474083180366E+01
  0.2857142857142857E+00  0.9591836734693877E+00  0.1131387809008447E+01
  0.2857142857142857E+00  0.9795918367346939E+00  0.5855409981435596E+00
  0.2857142857142857E+00  0.9999999999999999E+00 -0.9540018307893249E-49
  0.3061224489795918E+00  0.0000000000000000E+00 -0.9540018307893249E-49
  0.3061224489795918E+00  0.2040816326530612E-01  0.6011992190468981E+00
  0.3061224489795918E+00  0.4081632653061224E-01  0.1162591957238970E+01
  0.3061224489795918E+00  0.6122448979591837E-01  0.1686003051409086E+01
  0.3061224489795918E+00  0.8163265306122448E-01  0.2173222386717893E+01
  0.3061224489795918E+00  0.1020408163265306E+00  0.2625989551256228E+01
  0.3061224489795918E+00  0.1224489795918367E+00  0.3045980641640862E+01
  0.3061224489795918E+00  0.1428571428571428E+00  0.3434797514924813E+01
  0.3061224489795918E+00  0.1632653061224490E+00  0.3793959547661794E+01
  0.3061224489795918E+00  0.1836734693877551E+00  0.4124897772486854E+01
  0.3061224489795918E+00  0.2040816326530612E+00  0.4428951131584739E+01
  0.3061224489795918E+00  0.2244897959183673E+00  0.4707364514678489E+01
  0.3061224489795918E+00  0.2448979591836735E+00  0.4961288226674688E+01
  0.3061224489795918E+00  0.2653061224489796E+00  0.5191778542919097E+01
  0.3061224489795918E+00  0.2857142857142857E+00  0.5399799044469337E+01
  0.3061224489795918E+00  0.3061224489795918E+00  0.5586222470670285E+01
  0.3061224489795918E+00  0.3265306122448979E+00  0.5751832873594415E+01
  0.3061224489795918E+00  0.3469387755102041E+00  0.5897327903522419E+01
  0.3061224489795918E+00  0.3673469387755102E+00  0.6023321093884242E+01
  0.3061224489795918E+00  0.3877551020408163E+00  0.6130344046909502E+01
  0.3061224489795918E+00  0.4081632653061224E+00  0.6218848447649812E+01
  0.3061224489795918E+00  0.4285714285714285E+00  0.6289207854617601E+01
  0.3061224489795918E+00  0.4489795918367346E+00  0.6341719230888430E+01
  0.3061224489795918E+00  0.4693877551020408E+00  0.6376604191056565E+01
  0.3061224489795918E+00  0.4897959183673469E+00  0.6394009947800429E+01
  0.3061224489795918E+00  0.5102040816326531E+00  0.6394009947800423E+01
  0.3061224489795918E+00  0.5306122448979591E+00  0.6376604191056562E+01
  0.3061224489795918E+00  0.5510204081632653E+00  0.6341719230888419E+01
  0.3061224489795918E+00  0.5714285714285714E+00  0.6289207854617593E+01
  0.3061224489795918E+00  0.5918367346938775E+00  0.6218848447649798E+01
  0.3061224489795918E+00  0.6122448979591836E+00  0.6130344046909484E+01
  0.3061224489795918E+00  0.6326530612244897E+00  0.6023321093884217E+01
  0.3061224489795918E+00  0.6530612244897959E+00  0.5897327903522397E+01
  0.3061224489795918E+00  0.6734693877551020E+00  0.5751832873594386E+01
  0.3061224489795918E+00  0.6938775510204082E+00  0.5586222470670250E+01
  0.3061224489795918E+00  0.7142857142857142E+00  0.5399799044469292E+01
  0.3061224489795918E+00  0.7346938775510203E+00  0.5191778542919054E+01
  0.3061224489795918E+00  0.7551020408163265E+00  0.4961288226674636E+01
  0.3061224489795918E+00  0.7755102040816326E+00  0.4707364514678442E+01
  0.3061224489795918E+00  0.7959183673469387E+00  0.4428951131584677E+01
  0.3061224489795918E+00  0.8163265306122448E+00  0.4124897772486794E+01
  0.3061224489795918E+00  0.8367346938775510E+00  0.3793959547661728E+01
  0.3061224489795918E+00  0.8571428571428571E+00  0.3434797514924755E+01
  0.3061224489795918E+00  0.8775510204081632E+00  0.3045980641640834E+01
  0.3061224489795918E+00  0.8979591836734693E+00  0.2625989551256242E+01
  0.3061224489795918E+00  0.9183673469387754E+00  0.2173222386717950E+01
  0.3061224489795918E+00  0.9387755102040816E+00  0.1686003051409159E+01
  0.3061224489795918E+00  0.9591836734693877E+00  0.1162591957239058E+01
  0.3061224489795918E+00  0.9795918367346939E+00  0.6011992190469357E+00
  0.3061224489795918E+00  0.9999999999999999E+00 -0.9540018307893249E-49
  0.3265306122448979E+00  0.0000000000000000E+00 -0.9540018307893249E-49
  0.3265306122448979E+00  0.2040816326530612E-01  0.6150171119721480E+00
  0.3265306122448979E+00  0.4081632653061224E-01  0.1190133278820806E+01
  0.3265306122448979E+00  0.6122448979591837E-01  0.1727081487799700E+01
  0.3265306122448979E+00  0.8163265306122448E-01  0.2227564768580014E+01
  0.3265306122448979E+00  0.1020408163265306E+00  0.2693242800201499E+01
  0.3265306122448979E+00  0.1224489795918367E+00  0.3125720123104913E+01
  0.3265306122448979E+00  0.1428571428571428E+00  0.3526536213966583E+01
  0.3265306122448979E+00  0.1632653061224490E+00  0.3897157517354751E+01
  0.3265306122448979E+00  0.1836734693877551E+00  0.4238971386968056E+01
  0.3265306122448979E+00  0.2040816326530612E+00  0.4553281783310552E+01
  0.3265306122448979E+00  0.2244897959183673E+00  0.4841306507391037E+01
  0.3265306122448979E+00  0.2448979591836735E+00  0.5104175717724363E+01
  0.3265306122448979E+00  0.2653061224489796E+00  0.5342931473136089E+01
  0.3265306122448979E+00  0.2857142857142857E+00  0.5558528058175416E+01
  0.3265306122448979E+00  0.3061224489795918E+00  0.5751832873594425E+01
  0.3265306122448979E+00  0.3265306122448979E+00  0.5923627705211859E+01
  0.3265306122448979E+00  0.3469387755102041E+00  0.6074610216187286E+01
  0.3265306122448979E+00  0.3673469387755102E+00  0.6205395537535042E+01
  0.3265306122448979E+00  0.3877551020408163E+00  0.6316517858122815E+01
  0.3265306122448979E+00  0.4081632653061224E+00  0.6408431937841954E+01
  0.3265306122448979E+00  0.4285714285714285E+00  0.6481514486106775E+01
  0.3265306122448979E+00  0.4489795918367346E+00  0.6536065362678509E+01
  0.3265306122448979E+00  0.4693877551020408E+00  0.6572308569525862E+01
  0.3265306122448979E+00  0.4897959183673469E+00  0.6590393011601537E+01
  0.3265306122448979E+00  0.5102040816326531E+00  0.6590393011601540E+01
  0.3265306122448979E+00  0.5306122448979591E+00  0.6572308569525852E+01
  0.3265306122448979E+00  0.5510204081632653E+00  0.6536065362678494E+01
  0.3265306122448979E+00  0.5714285714285714E+00  0.6481514486106766E+01
  0.3265306122448979E+00  0.5918367346938775E+00  0.6408431937841937E+01
  0.3265306122448979E+00  0.6122448979591836E+00  0.6316517858122795E+01
  0.3265306122448979E+00  0.6326530612244897E+00  0.6205395537535018E+01
  0.3265306122448979E+00  0.6530612244897959E+00  0.6074610216187256E+01
  0.3265306122448979E+00  0.6734693877551020E+00  0.5923627705211825E+01
  0.3265306122448979E+00  0.6938775510204082E+00  0.5751832873594386E+01
  0.3265306122448979E+00  0.7142857142857142E+00  0.5558528058175375E+01
  0.3265306122448979E+00  0.7346938775510203E+00  0.5342931473136047E+01
  0.3265306122448979E+00  0.7551020408163265E+00  0.5104175717724315E+01
  0.3265306122448979E+00  0.7755102040816326E+00  0.4841306507390990E+01
  0.3265306122448979E+00  0.7959183673469387E+00  0.4553281783310492E+01
  0.3265306122448979E+00  0.8163265306122448E+00  0.4238971386967997E+01
  0.3265306122448979E+00  0.8367346938775510E+00  0.3897157517354682E+01
  0.3265306122448979E+00  0.8571428571428571E+00  0.3526536213966528E+01
  0.3265306122448979E+00  0.8775510204081632E+00  0.3125720123104887E+01
  0.3265306122448979E+00  0.8979591836734693E+00  0.2693242800201509E+01
  0.3265306122448979E+00  0.9183673469387754E+00  0.2227564768580073E+01
  0.3265306122448979E+00  0.9387755102040816E+00  0.1727081487799774E+01
  0.3265306122448979E+00  0.9591836734693877E+00  0.1190133278820892E+01
  0.3265306122448979E+00  0.9795918367346939E+00  0.6150171119721881E+00
  0.3265306122448979E+00  0.9999999999999999E+00 -0.9540018307893249E-49
  0.3469387755102041E+00  0.0000000000000000E+00 -0.9540018307893249E-49
  0.3469387755102041E+00  0.2040816326530612E-01  0.6270891987385172E+00
  0.3469387755102041E+00  0.4081632653061224E-01  0.1214198202309386E+01
  0.3469387755102041E+00  0.6122448979591837E-01  0.1762982732778280E+01
  0.3469387755102041E+00  0.8163265306122448E-01  0.2275072364468782E+01
  0.3469387755102041E+00  0.1020408163265306E+00  0.2752058662249678E+01
  0.3469387755102041E+00  0.1224489795918367E+00  0.3195484542233878E+01
  0.3469387755102041E+00  0.1428571428571428E+00  0.3606835075476490E+01
  0.3469387755102041E+00  0.1632653061224490E+00  0.3987529839429463E+01
  0.3469387755102041E+00  0.1836734693877551E+00  0.4338916816958249E+01
  0.3469387755102041E+00  0.2040816326530612E+00  0.4662267758617750E+01
  0.3469387755102041E+00  0.2244897959183673E+00  0.4958774864773327E+01
  0.3469387755102041E+00  0.2448979591836735E+00  0.5229548609450387E+01
  0.3469387755102041E+00  0.2653061224489796E+00  0.5475616513881553E+01
  0.3469387755102041E+00  0.2857142857142857E+00  0.5697922679602863E+01
  0.3469387755102041E+00  0.3061224489795918E+00  0.5897327903522434E+01
  0.3469387755102041E+00  0.3265306122448979E+00  0.6074610216187293E+01
  0.3469387755102041E+00  0.3469387755102041E+00  0.6230465706027586E+01
  0.3469387755102041E+00  0.3673469387755102E+00  0.6365509514205451E+01
  0.3469387755102041E+00  0.3877551020408163E+00  0.6480276905281223E+01
  0.3469387755102041E+00  0.4081632653061224E+00  0.6575224337380695E+01
  0.3469387755102041E+00  0.4285714285714285E+00  0.6650730471565143E+01
  0.3469387755102041E+00  0.4489795918367346E+00  0.6707097073669684E+01
  0.3469387755102041E+00  0.4693877551020408E+00  0.6744549773194024E+01
  0.3469387755102041E+00  0.4897959183673469E+00  0.6763238653225988E+01
  0.3469387755102041E+00  0.5102040816326531E+00  0.6763238653225985E+01
  0.3469387755102041E+00  0.5306122448979591E+00  0.6744549773194018E+01
  0.3469387755102041E+00  0.5510204081632653E+00  0.6707097073669668E+01
  0.3469387755102041E+00  0.5714285714285714E+00  0.6650730471565135E+01
  0.3469387755102041E+00  0.5918367346938775E+00  0.6575224337380678E+01
  0.3469387755102041E+00  0.6122448979591836E+00  0.6480276905281211E+01
  0.3469387755102041E+00  0.6326530612244897E+00  0.6365509514205426E+01
  0.3469387755102041E+00  0.6530612244897959E+00  0.6230465706027548E+01
  0.3469387755102041E+00  0.6734693877551020E+00  0.6074610216187259E+01
  0.3469387755102041E+00  0.6938775510204082E+00  0.5897327903522395E+01
  0.3469387755102041E+00  0.7142857142857142E+00  0.5697922679602822E+01
  0.3469387755102041E+00  0.7346938775510203E+00  0.5475616513881505E+01
  0.3469387755102041E+00  0.7551020408163265E+00  0.5229548609450340E+01
  0.3469387755102041E+00  0.7755102040816326E+00  0.4958774864773273E+01
  0.3469387755102041E+00  0.7959183673469387E+00  0.4662267758617690E+01
  0.3469387755102041E+00  0.8163265306122448E+00  0.4338916816958190E+01
  0.3469387755102041E+00  0.8367346938775510E+00  0.3987529839429398E+01
  0.3469387755102041E+00  0.8571428571428571E+00  0.3606835075476436E+01
  0.3469387755102041E+00  0.8775510204081632E+00  0.3195484542233855E+01
  0.3469387755102041E+00  0.8979591836734693E+00  0.2752058662249689E+01
  0.3469387755102041E+00  0.9183673469387754E+00  0.2275072364468832E+01
  0.3469387755102041E+00  0.9387755102040816E+00  0.1762982732778349E+01
  0.3469387755102041E+00  0.9591836734693877E+00  0.1214198202309475E+01
  0.3469387755102041E+00  0.9795918367346939E+00  0.6270891987385544E+00
  0.3469387755102041E+00  0.9999999999999999E+00 -0.9540018307893249E-49
  0.3673469387755102E+00  0.0000000000000000E+00 -0.9540018307893249E-49
  0.3673469387755102E+00  0.2040816326530612E-01  0.6374947796695694E+00
  0.3673469387755102E+00  0.4081632653061224E-01  0.1234943343165697E+01
  0.3673469387755102E+00  0.6122448979591837E-01  0.1793936906450841E+01
  0.3673469387755102E+00  0.8163265306122448E-01  0.2316043457000847E+01
  0.3673469387755102E+00  0.1020408163265306E+00  0.2802797091443408E+01
  0.3673469387755102E+00  0.1224489795918367E+00  0.3255688304291626E+01
  0.3673469387755102E+00  0.1428571428571428E+00  0.3676155415709909E+01
  0.3673469387755102E+00  0.1632653061224490E+00  0.4065577242929763E+01
  0.3673469387755102E+00  0.1836734693877551E+00  0.4425267041321762E+01
  0.3673469387755102E+00  0.2040816326530612E+00  0.4756467674667349E+01
  0.3673469387755102E+00  0.2244897959183673E+00  0.5060347923804343E+01
  0.3673469387755102E+00  0.2448979591836735E+00  0.5337999809346559E+01
  0.3673469387755102E+00  0.2653061224489796E+00  0.5590436786117031E+01
  0.3673469387755102E+00  0.2857142857142857E+00  0.5818592661502109E+01
  0.3673469387755102E+00  0.3061224489795918E+00  0.6023321093884257E+01
  0.3673469387755102E+00  0.3265306122448979E+00  0.6205395537535052E+01
  0.3673469387755102E+00  0.3469387755102041E+00  0.6365509514205461E+01
  0.3673469387755102E+00  0.3673469387755102E+00  0.6504277107101314E+01
  0.3673469387755102E+00  0.3877551020408163E+00  0.6622233588537588E+01
  0.3673469387755102E+00  0.4081632653061224E+00  0.6719836107405616E+01
  0.3673469387755102E+00  0.4285714285714285E+00  0.6797464376152464E+01
  0.3673469387755102E+00  0.4489795918367346E+00  0.6855421309053105E+01
  0.3673469387755102E+00  0.4693877551020408E+00  0.6893933574154529E+01
  0.3673469387755102E+00  0.4897959183673469E+00  0.6913152030520271E+01
  0.3673469387755102E+00  0.5102040816326531E+00  0.6913152030520274E+01
  0.3673469387755102E+00  0.5306122448979591E+00  0.6893933574154528E+01
  0.3673469387755102E+00  0.5510204081632653E+00  0.6855421309053098E+01
  0.3673469387755102E+00  0.5714285714285714E+00  0.6797464376152453E+01
  0.3673469387755102E+00  0.5918367346938775E+00  0.6719836107405597E+01
  0.3673469387755102E+00  0.6122448979591836E+00  0.6622233588537569E+01
  0.3673469387755102E+00  0.6326530612244897E+00  0.6504277107101294E+01
  0.3673469387755102E+00  0.6530612244897959E+00  0.6365509514205431E+01
  0.3673469387755102E+00  0.6734693877551020E+00  0.6205395537535011E+01
  0.3673469387755102E+00  0.6938775510204082E+00  0.6023321093884206E+01
  0.3673469387755102E+00  0.7142857142857142E+00  0.5818592661502057E+01
  0.3673469387755102E+00  0.7346938775510203E+00  0.5590436786116978E+01
  0.3673469387755102E+00  0.7551020408163265E+00  0.5337999809346500E+01
  0.3673469387755102E+00  0.7755102040816326E+00  0.5060347923804290E+01
  0.3673469387755102E+00  0.7959183673469387E+00  0.4756467674667290E+01
  0.3673469387755102E+00  0.8163265306122448E+00  0.4425267041321698E+01
  0.3673469387755102E+00  0.8367346938775510E+00  0.4065577242929698E+01
  0.3673469387755102E+00  0.8571428571428571E+00  0.3676155415709859E+01
  0.3673469387755102E+00  0.8775510204081632E+00  0.3255688304291599E+01
  0.3673469387755102E+00  0.8979591836734693E+00  0.2802797091443421E+01
  0.3673469387755102E+00  0.9183673469387754E+00  0.2316043457000892E+01
  0.3673469387755102E+00  0.9387755102040816E+00  0.1793936906450909E+01
  0.3673469387755102E+00  0.9591836734693877E+00  0.1234943343165780E+01
  0.3673469387755102E+00  0.9795918367346939E+00  0.6374947796696042E+00
  0.3673469387755102E+00  0.9999999999999999E+00 -0.9540018307893249E-49
  0.3877551020408163E+00  0.0000000000000000E+00 -0.9540018307893249E-49
  0.3877551020408163E+00  0.2040816326530612E-01  0.6462999191096287E+00
  0.3877551020408163E+00  0.4081632653061224E-01  0.1252499314900814E+01
  0.3877551020408163E+00  0.6122448979591837E-01  0.1820136251696149E+01
  0.3877551020408163E+00  0.8163265306122448E-01  0.2350727799015812E+01
  0.3877551020408163E+00  0.1020408163265306E+00  0.2845760302902426E+01
  0.3877551020408163E+00  0.1224489795918367E+00  0.3306680414711009E+01
  0.3877551020408163E+00  0.1428571428571428E+00  0.3734887038290086E+01
  0.3877551020408163E+00  0.1632653061224490E+00  0.4131724295321389E+01
  0.3877551020408163E+00  0.1836734693877551E+00  0.4498475548878476E+01
  0.3877551020408163E+00  0.2040816326530612E+00  0.4836358472500197E+01
  0.3877551020408163E+00  0.2244897959183673E+00  0.5146521109645151E+01
  0.3877551020408163E+00  0.2448979591836735E+00  0.5430038837630494E+01
  0.3877551020408163E+00  0.2653061224489796E+00  0.5687912130736602E+01
  0.3877551020408163E+00  0.2857142857142857E+00  0.5921065007656497E+01
  0.3877551020408163E+00  0.3061224489795918E+00  0.6130344046909526E+01
  0.3877551020408163E+00  0.3265306122448979E+00  0.6316517858122836E+01
  0.3877551020408163E+00  0.3469387755102041E+00  0.6480276905281244E+01
  0.3877551020408163E+00  0.3673469387755102E+00  0.6622233588537591E+01
  0.3877551020408163E+00  0.3877551020408163E+00  0.6742922502723658E+01
  0.3877551020408163E+00  0.4081632653061224E+00  0.6842800802420976E+01
  0.3877551020408163E+00  0.4285714285714285E+00  0.6922248614771642E+01
  0.3877551020408163E+00  0.4489795918367346E+00  0.6981569451808048E+01
  0.3877551020408163E+00  0.4693877551020408E+00  0.7020990583823952E+01
  0.3877551020408163E+00  0.4897959183673469E+00  0.7040663344197092E+01
  0.3877551020408163E+00  0.5102040816326531E+00  0.7040663344197100E+01
  0.3877551020408163E+00  0.5306122448979591E+00  0.7020990583823957E+01
  0.3877551020408163E+00  0.5510204081632653E+00  0.6981569451808036E+01
  0.3877551020408163E+00  0.5714285714285714E+00  0.6922248614771636E+01
  0.3877551020408163E+00  0.5918367346938775E+00  0.6842800802420960E+01
  0.3877551020408163E+00  0.6122448979591836E+00  0.6742922502723632E+01
  0.3877551020408163E+00  0.6326530612244897E+00  0.6622233588537568E+01
  0.3877551020408163E+00  0.6530612244897959E+00  0.6480276905281207E+01
  0.3877551020408163E+00  0.6734693877551020E+00  0.6316517858122801E+01
  0.3877551020408163E+00  0.6938775510204082E+00  0.6130344046909479E+01
  0.3877551020408163E+00  0.7142857142857142E+00  0.5921065007656452E+01
  0.3877551020408163E+00  0.7346938775510203E+00  0.5687912130736540E+01
  0.3877551020408163E+00  0.7551020408163265E+00  0.5430038837630449E+01
  0.3877551020408163E+00  0.7755102040816326E+00  0.5146521109645095E+01
  0.3877551020408163E+00  0.7959183673469387E+00  0.4836358472500135E+01
  0.3877551020408163E+00  0.8163265306122448E+00  0.4498475548878417E+01
  0.3877551020408163E+00  0.8367346938775510E+00  0.4131724295321328E+01
  0.3877551020408163E+00  0.8571428571428571E+00  0.3734887038290036E+01
  0.3877551020408163E+00  0.8775510204081632E+00  0.3306680414710986E+01
  0.3877551020408163E+00  0.8979591836734693E+00  0.2845760302902439E+01
  0.3877551020408163E+00  0.9183673469387754E+00  0.2350727799015859E+01
  0.3877551020408163E+00  0.9387755102040816E+00  0.1820136251696217E+01
  0.3877551020408163E+00  0.9591836734693877E+00  0.1252499314900896E+01
  0.3877551020408163E+00  0.9795918367346939E+00  0.6462999191096620E+00
  0.3877551020408163E+00  0.9999999999999999E+00 -0.9540018307893249E-49
  0.4081632653061224E+00  0.0000000000000000E+00 -0.9540018307893249E-49
  0.4081632653061224E+00  0.2040816326530612E-01  0.6535589608764903E+00
  0.4081632653061224E+00  0.4081632653061224E-01  0.1266973649419029E+01
  0.4081632653061224E+00  0.6122448979591837E-01  0.1841739254373212E+01
  0.4081632653061224E+00  0.8163265306122448E-01  0.2379331662297201E+01
  0.4081632653061224E+00  0.1020408163265306E+00  0.2881198446049237E+01
  0.4081632653061224E+00  0.1224489795918367E+00  0.3348750472670248E+01
  0.4081632653061224E+00  0.1428571428571428E+00  0.3783354270179550E+01
  0.4081632653061224E+00  0.1632653061224490E+00  0.4186325246748636E+01
  0.4081632653061224E+00  0.1836734693877551E+00  0.4558921809425732E+01
  0.4081632653061224E+00  0.2040816326530612E+00  0.4902340387124150E+01
  0.4081632653061224E+00  0.2244897959183673E+00  0.5217711326765989E+01
  0.4081632653061224E+00  0.2448979591836735E+00  0.5506095603745949E+01
  0.4081632653061224E+00  0.2653061224489796E+00  0.5768482268519140E+01
  0.4081632653061224E+00  0.2857142857142857E+00  0.6005786539520303E+01
  0.4081632653061224E+00  0.3061224489795918E+00  0.6218848447649843E+01
  0.4081632653061224E+00  0.3265306122448979E+00  0.6408431937841981E+01
  0.4081632653061224E+00  0.3469387755102041E+00  0.6575224337380705E+01
  0.4081632653061224E+00  0.3673469387755102E+00  0.6719836107405628E+01
  0.4081632653061224E+00  0.3877551020408163E+00  0.6842800802420978E+01
  0.4081632653061224E+00  0.4081632653061224E+00  0.6944575171791746E+01
  0.4081632653061224E+00  0.4285714285714285E+00  0.7025539346608525E+01
  0.4081632653061224E+00  0.4489795918367346E+00  0.7085997064554124E+01
  0.4081632653061224E+00  0.4693877551020408E+00  0.7126175894293111E+01
  0.4081632653061224E+00  0.4897959183673469E+00  0.7146227429339711E+01
  0.4081632653061224E+00  0.5102040816326531E+00  0.7146227429339710E+01
  0.4081632653061224E+00  0.5306122448979591E+00  0.7126175894293111E+01
  0.4081632653061224E+00  0.5510204081632653E+00  0.7085997064554115E+01
  0.4081632653061224E+00  0.5714285714285714E+00  0.7025539346608512E+01
  0.4081632653061224E+00  0.5918367346938775E+00  0.6944575171791731E+01
  0.4081632653061224E+00  0.6122448979591836E+00  0.6842800802420959E+01
  0.4081632653061224E+00  0.6326530612244897E+00  0.6719836107405600E+01
  0.4081632653061224E+00  0.6530612244897959E+00  0.6575224337380678E+01
  0.4081632653061224E+00  0.6734693877551020E+00  0.6408431937841938E+01
  0.4081632653061224E+00  0.6938775510204082E+00  0.6218848447649798E+01
  0.4081632653061224E+00  0.7142857142857142E+00  0.6005786539520253E+01
  0.4081632653061224E+00  0.7346938775510203E+00  0.5768482268519090E+01
  0.4081632653061224E+00  0.7551020408163265E+00  0.5506095603745901E+01
  0.4081632653061224E+00  0.7755102040816326E+00  0.5217711326765937E+01
  0.4081632653061224E+00  0.7959183673469387E+00  0.4902340387124084E+01
  0.4081632653061224E+00  0.8163265306122448E+00  0.4558921809425665E+01
  0.4081632653061224E+00  0.8367346938775510E+00  0.4186325246748572E+01
  0.4081632653061224E+00  0.8571428571428571E+00  0.3783354270179501E+01
  0.4081632653061224E+00  0.8775510204081632E+00  0.3348750472670224E+01
  0.4081632653061224E+00  0.8979591836734693E+00  0.2881198446049246E+01
  0.4081632653061224E+00  0.9183673469387754E+00  0.2379331662297248E+01
  0.4081632653061224E+00  0.9387755102040816E+00  0.1841739254373279E+01
  0.4081632653061224E+00  0.9591836734693877E+00  0.1266973649419110E+01
  0.4081632653061224E+00  0.9795918367346939E+00  0.6535589608765225E+00
  0.4081632653061224E+00  0.9999999999999999E+00 -0.9540018307893249E-49
  0.4285714285714285E+00  0.0000000000000000E+00 -0.9540018307893249E-49
  0.4285714285714285E+00  0.2040816326530612E-01  0.6593156842190832E+00
  0.4285714285714285E+00  0.4081632653061224E-01  0.1278453031597449E+01
  0.4285714285714285E+00  0.6122448979591837E-01  0.1858873812011568E+01
  0.4285714285714285E+00  0.8163265306122448E-01  0.2402021746717030E+01
  0.4285714285714285E+00  0.1020408163265306E+00  0.2909314033534249E+01
  0.4285714285714285E+00  0.1224489795918367E+00  0.3382133394270447E+01
  0.4285714285714285E+00  0.1428571428571428E+00  0.3821820767633435E+01
  0.4285714285714285E+00  0.1632653061224490E+00  0.4229668735038481E+01
  0.4285714285714285E+00  0.1836734693877551E+00  0.4606915729761375E+01
  0.4285714285714285E+00  0.2040816326530612E+00  0.4954741044929158E+01
  0.4285714285714285E+00  0.2244897959183673E+00  0.5274260625171496E+01
  0.4285714285714285E+00  0.2448979591836735E+00  0.5566523601791650E+01
  0.4285714285714285E+00  0.2653061224489796E+00  0.5832509512619609E+01
  0.4285714285714285E+00  0.2857142857142857E+00  0.6073126135157604E+01
  0.4285714285714285E+00  0.3061224489795918E+00  0.6289207854617639E+01
  0.4285714285714285E+00  0.3265306122448979E+00  0.6481514486106811E+01
  0.4285714285714285E+00  0.3469387755102041E+00  0.6650730471565170E+01
  0.4285714285714285E+00  0.3673469387755102E+00  0.6797464376152476E+01
  0.4285714285714285E+00  0.3877551020408163E+00  0.6922248614771656E+01
  0.4285714285714285E+00  0.4081632653061224E+00  0.7025539346608531E+01
  0.4285714285714285E+00  0.4285714285714285E+00  0.7107716483418810E+01
  0.4285714285714285E+00  0.4489795918367346E+00  0.7169083765411283E+01
  0.4285714285714285E+00  0.4693877551020408E+00  0.7209868866701206E+01
  0.4285714285714285E+00  0.4897959183673469E+00  0.7230223500288733E+01
  0.4285714285714285E+00  0.5102040816326531E+00  0.7230223500288732E+01
  0.4285714285714285E+00  0.5306122448979591E+00  0.7209868866701201E+01
  0.4285714285714285E+00  0.5510204081632653E+00  0.7169083765411274E+01
  0.4285714285714285E+00  0.5714285714285714E+00  0.7107716483418802E+01
  0.4285714285714285E+00  0.5918367346938775E+00  0.7025539346608511E+01
  0.4285714285714285E+00  0.6122448979591836E+00  0.6922248614771630E+01
  0.4285714285714285E+00  0.6326530612244897E+00  0.6797464376152452E+01
  0.4285714285714285E+00  0.6530612244897959E+00  0.6650730471565133E+01
  0.4285714285714285E+00  0.6734693877551020E+00  0.6481514486106766E+01
  0.4285714285714285E+00  0.6938775510204082E+00  0.6289207854617591E+01
  0.4285714285714285E+00  0.7142857142857142E+00  0.6073126135157548E+01
  0.4285714285714285E+00  0.7346938775510203E+00  0.5832509512619558E+01
  0.4285714285714285E+00  0.7551020408163265E+00  0.5566523601791595E+01
  0.4285714285714285E+00  0.7755102040816326E+00  0.5274260625171427E+01
  0.4285714285714285E+00  0.7959183673469387E+00  0.4954741044929090E+01
  0.4285714285714285E+00  0.8163265306122448E+00  0.4606915729761308E+01
  0.4285714285714285E+00  0.8367346938775510E+00  0.4229668735038424E+01
  0.4285714285714285E+00  0.8571428571428571E+00  0.3821820767633385E+01
  0.4285714285714285E+00  0.8775510204081632E+00  0.3382133394270423E+01
  0.4285714285714285E+00  0.8979591836734693E+00  0.2909314033534263E+01
  0.4285714285714285E+00  0.9183673469387754E+00  0.2402021746717081E+01
  0.4285714285714285E+00  0.9387755102040816E+00  0.1858873812011638E+01
  0.4285714285714285E+00  0.9591836734693877E+00  0.1278453031597530E+01
  0.4285714285714285E+00  0.9795918367346939E+00  0.6593156842191142E+00
  0.4285714285714285E+00  0.9999999999999999E+00 -0.9540018307893249E-49
  0.4489795918367346E+00  0.0000000000000000E+00 -0.9540018307893249E-49
  0.4489795918367346E+00  0.2040816326530612E-01  0.6636041776205222E+00
  0.4489795918367346E+00  0.4081632653061224E-01  0.1287004992622806E+01
  0.4489795918367346E+00  0.6122448979591837E-01  0.1871639644653942E+01
  0.4489795918367346E+00  0.8163265306122448E-01  0.2418928170494250E+01
  0.4489795918367346E+00  0.1020408163265306E+00  0.2930265351406966E+01
  0.4489795918367346E+00  0.1224489795918367E+00  0.3407013076810669E+01
  0.4489795918367346E+00  0.1428571428571428E+00  0.3850493275879773E+01
  0.4489795918367346E+00  0.1632653061224490E+00  0.4261981499503754E+01
  0.4489795918367346E+00  0.1836734693877551E+00  0.4642701204353213E+01
  0.4489795918367346E+00  0.2040816326530612E+00  0.4993818761029222E+01
  0.4489795918367346E+00  0.2244897959183673E+00  0.5316439181345896E+01
  0.4489795918367346E+00  0.2448979591836735E+00  0.5611602537031476E+01
  0.4489795918367346E+00  0.2653061224489796E+00  0.5880281024224995E+01
  0.4489795918367346E+00  0.2857142857142857E+00  0.6123376615239527E+01
  0.4489795918367346E+00  0.3061224489795918E+00  0.6341719230888469E+01
  0.4489795918367346E+00  0.3265306122448979E+00  0.6536065362678545E+01
  0.4489795918367346E+00  0.3469387755102041E+00  0.6707097073669705E+01
  0.4489795918367346E+00  0.3673469387755102E+00  0.6855421309053123E+01
  0.4489795918367346E+00  0.3877551020408163E+00  0.6981569451808054E+01
  0.4489795918367346E+00  0.4081632653061224E+00  0.7085997064554128E+01
  0.4489795918367346E+00  0.4285714285714285E+00  0.7169083765411290E+01
  0.4489795918367346E+00  0.4489795918367346E+00  0.7231133192925877E+01
  0.4489795918367346E+00  0.4693877551020408E+00  0.7272373022633698E+01
  0.4489795918367346E+00  0.4897959183673469E+00  0.7292955005422953E+01
  0.4489795918367346E+00  0.5102040816326531E+00  0.7292955005422950E+01
  0.4489795918367346E+00  0.5306122448979591E+00  0.7272373022633691E+01
  0.4489795918367346E+00  0.5510204081632653E+00  0.7231133192925863E+01
  0.4489795918367346E+00  0.5714285714285714E+00  0.7169083765411272E+01
  0.4489795918367346E+00  0.5918367346938775E+00  0.7085997064554114E+01
  0.4489795918367346E+00  0.6122448979591836E+00  0.6981569451808038E+01
  0.4489795918367346E+00  0.6326530612244897E+00  0.6855421309053099E+01
  0.4489795918367346E+00  0.6530612244897959E+00  0.6707097073669677E+01
  0.4489795918367346E+00  0.6734693877551020E+00  0.6536065362678500E+01
  0.4489795918367346E+00  0.6938775510204082E+00  0.6341719230888421E+01
  0.4489795918367346E+00  0.7142857142857142E+00  0.6123376615239480E+01
  0.4489795918367346E+00  0.7346938775510203E+00  0.5880281024224938E+01
  0.4489795918367346E+00  0.7551020408163265E+00  0.5611602537031420E+01
  0.4489795918367346E+00  0.7755102040816326E+00  0.5316439181345830E+01
  0.4489795918367346E+00  0.7959183673469387E+00  0.4993818761029158E+01
  0.4489795918367346E+00  0.8163265306122448E+00  0.4642701204353149E+01
  0.4489795918367346E+00  0.8367346938775510E+00  0.4261981499503698E+01
  0.4489795918367346E+00  0.8571428571428571E+00  0.3850493275879721E+01
  0.4489795918367346E+00  0.8775510204081632E+00  0.3407013076810651E+01
  0.4489795918367346E+00  0.8979591836734693E+00  0.2930265351406979E+01
  0.4489795918367346E+00  0.9183673469387754E+00  0.2418928170494303E+01
  0.4489795918367346E+00  0.9387755102040816E+00  0.1871639644654008E+01
  0.4489795918367346E+00  0.9591836734693877E+00  0.1287004992622886E+01
  0.4489795918367346E+00  0.9795918367346939E+00  0.6636041776205541E+00
  0.4489795918367346E+00  0.9999999999999999E+00 -0.9540018307893249E-49
  0.4693877551020408E+00  0.0000000000000000E+00 -0.9540018307893249E-49
  0.4693877551020408E+00  0.2040816326530612E-01  0.6664494847196081E+00
  0.4693877551020408E+00  0.4081632653061224E-01  0.1292679164120323E+01
  0.4693877551020408E+00  0.6122448979591837E-01  0.1880110085951310E+01
  0.4693877551020408E+00  0.8163265306122448E-01  0.2430146701082299E+01
  0.4693877551020408E+00  0.1020408163265306E+00  0.2944169016356165E+01
  0.4693877551020408E+00  0.1224489795918367E+00  0.3423525162874501E+01
  0.4693877551020408E+00  0.1428571428571428E+00  0.3869524483824768E+01
  0.4693877551020408E+00  0.1632653061224490E+00  0.4283431220817271E+01
  0.4693877551020408E+00  0.1836734693877551E+00  0.4666458850863623E+01
  0.4693877551020408E+00  0.2040816326530612E+00  0.5019765099614250E+01
  0.4693877551020408E+00  0.2244897959183673E+00  0.5344447631968888E+01
  0.4693877551020408E+00  0.2448979591836735E+00  0.5641540399915965E+01
  0.4693877551020408E+00  0.2653061224489796E+00  0.5912010610189392E+01
  0.4693877551020408E+00  0.2857142857142857E+00  0.6156756261343512E+01
  0.4693877551020408E+00  0.3061224489795918E+00  0.6376604191056614E+01
  0.4693877551020408E+00  0.3265306122448979E+00  0.6572308569525894E+01
  0.4693877551020408E+00  0.3469387755102041E+00  0.6744549773194059E+01
  0.4693877551020408E+00  0.3673469387755102E+00  0.6893933574154553E+01
  0.4693877551020408E+00  0.3877551020408163E+00  0.7020990583823976E+01
  0.4693877551020408E+00  0.4081632653061224E+00  0.7126175894293131E+01
  0.4693877551020408E+00  0.4285714285714285E+00  0.7209868866701213E+01
  0.4693877551020408E+00  0.4489795918367346E+00  0.7272373022633704E+01
  0.4693877551020408E+00  0.4693877551020408E+00  0.7313916001632306E+01
  0.4693877551020408E+00  0.4897959183673469E+00  0.7334649555216501E+01
  0.4693877551020408E+00  0.5102040816326531E+00  0.7334649555216499E+01
  0.4693877551020408E+00  0.5306122448979591E+00  0.7313916001632296E+01
  0.4693877551020408E+00  0.5510204081632653E+00  0.7272373022633692E+01
  0.4693877551020408E+00  0.5714285714285714E+00  0.7209868866701195E+01
  0.4693877551020408E+00  0.5918367346938775E+00  0.7126175894293116E+01
  0.4693877551020408E+00  0.6122448979591836E+00  0.7020990583823952E+01
  0.4693877551020408E+00  0.6326530612244897E+00  0.6893933574154524E+01
  0.4693877551020408E+00  0.6530612244897959E+00  0.6744549773194018E+01
  0.4693877551020408E+00  0.6734693877551020E+00  0.6572308569525855E+01
  0.4693877551020408E+00  0.6938775510204082E+00  0.6376604191056562E+01
  0.4693877551020408E+00  0.7142857142857142E+00  0.6156756261343456E+01
  0.4693877551020408E+00  0.7346938775510203E+00  0.5912010610189339E+01
  0.4693877551020408E+00  0.7551020408163265E+00  0.5641540399915914E+01
  0.4693877551020408E+00  0.7755102040816326E+00  0.5344447631968823E+01
  0.4693877551020408E+00  0.7959183673469387E+00  0.5019765099614192E+01
  0.4693877551020408E+00  0.8163265306122448E+00  0.4666458850863560E+01
  0.4693877551020408E+00  0.8367346938775510E+00  0.4283431220817211E+01
  0.4693877551020408E+00  0.8571428571428571E+00  0.3869524483824717E+01
  0.4693877551020408E+00  0.8775510204081632E+00  0.3423525162874478E+01
  0.4693877551020408E+00  0.8979591836734693E+00  0.2944169016356180E+01
  0.4693877551020408E+00  0.9183673469387754E+00  0.2430146701082348E+01
  0.4693877551020408E+00  0.9387755102040816E+00  0.1880110085951375E+01
  0.4693877551020408E+00  0.9591836734693877E+00  0.1292679164120402E+01
  0.4693877551020408E+00  0.9795918367346939E+00  0.6664494847196402E+00
  0.4693877551020408E+00  0.9999999999999999E+00 -0.9540018307893249E-49
  0.4897959183673469E+00  0.0000000000000000E+00 -0.9540018307893249E-49
  0.4897959183673469E+00  0.2040816326530612E-01  0.6678680600675130E+00
  0.4897959183673469E+00  0.4081632653061224E-01  0.1295508164321114E+01
  0.4897959183673469E+00  0.6122448979591837E-01  0.1884333351691653E+01
  0.4897959183673469E+00  0.8163265306122448E-01  0.2435740340135121E+01
  0.4897959183673469E+00  0.1020408163265306E+00  0.2951101799536172E+01
  0.4897959183673469E+00  0.1224489795918367E+00  0.3431759020467092E+01
  0.4897959183673469E+00  0.1428571428571428E+00  0.3879015079244745E+01
  0.4897959183673469E+00  0.1632653061224490E+00  0.4294128576487260E+01
  0.4897959183673469E+00  0.1836734693877551E+00  0.4678308001363841E+01
  0.4897959183673469E+00  0.2040816326530612E+00  0.5032706748785629E+01
  0.4897959183673469E+00  0.2244897959183673E+00  0.5358418793470221E+01
  0.4897959183673469E+00  0.2448979591836735E+00  0.5656475004315834E+01
  0.4897959183673469E+00  0.2653061224489796E+00  0.5927840065604663E+01
  0.4897959183673469E+00  0.2857142857142857E+00  0.6173409958568917E+01
  0.4897959183673469E+00  0.3061224489795918E+00  0.6394009947800468E+01
  0.4897959183673469E+00  0.3265306122448979E+00  0.6590393011601572E+01
  0.4897959183673469E+00  0.3469387755102041E+00  0.6763238653226020E+01
  0.4897959183673469E+00  0.3673469387755102E+00  0.6913152030520299E+01
  0.4897959183673469E+00  0.3877551020408163E+00  0.7040663344197122E+01
  0.4897959183673469E+00  0.4081632653061224E+00  0.7146227429339731E+01
  0.4897959183673469E+00  0.4285714285714285E+00  0.7230223500288745E+01
  0.4897959183673469E+00  0.4489795918367346E+00  0.7292955005422961E+01
  0.4897959183673469E+00  0.4693877551020408E+00  0.7334649555216510E+01
  0.4897959183673469E+00  0.4897959183673469E+00  0.7355458894119256E+01
  0.4897959183673469E+00  0.5102040816326531E+00  0.7355458894119261E+01
  0.4897959183673469E+00  0.5306122448979591E+00  0.7334649555216498E+01
  0.4897959183673469E+00  0.5510204081632653E+00  0.7292955005422949E+01
  0.4897959183673469E+00  0.5714285714285714E+00  0.7230223500288726E+01
  0.4897959183673469E+00  0.5918367346938775E+00  0.7146227429339706E+01
  0.4897959183673469E+00  0.6122448979591836E+00  0.7040663344197096E+01
  0.4897959183673469E+00  0.6326530612244897E+00  0.6913152030520268E+01
  0.4897959183673469E+00  0.6530612244897959E+00  0.6763238653225986E+01
  0.4897959183673469E+00  0.6734693877551020E+00  0.6590393011601537E+01
  0.4897959183673469E+00  0.6938775510204082E+00  0.6394009947800424E+01
  0.4897959183673469E+00  0.7142857142857142E+00  0.6173409958568863E+01
  0.4897959183673469E+00  0.7346938775510203E+00  0.5927840065604607E+01
  0.4897959183673469E+00  0.7551020408163265E+00  0.5656475004315781E+01
  0.4897959183673469E+00  0.7755102040816326E+00  0.5358418793470157E+01
  0.4897959183673469E+00  0.7959183673469387E+00  0.5032706748785561E+01
  0.4897959183673469E+00  0.8163265306122448E+00  0.4678308001363775E+01
  0.4897959183673469E+00  0.8367346938775510E+00  0.4294128576487203E+01
  0.4897959183673469E+00  0.8571428571428571E+00  0.3879015079244690E+01
  0.4897959183673469E+00  0.8775510204081632E+00  0.3431759020467071E+01
  0.4897959183673469E+00  0.8979591836734693E+00  0.2951101799536188E+01
  0.4897959183673469E+00  0.9183673469387754E+00  0.2435740340135171E+01
  0.4897959183673469E+00  0.9387755102040816E+00  0.1884333351691719E+01
  0.4897959183673469E+00  0.9591836734693877E+00  0.1295508164321195E+01
  0.4897959183673469E+00  0.9795918367346939E+00  0.6678680600675438E+00
  0.4897959183673469E+00  0.9999999999999999E+00 -0.9540018307893249E-49
  0.5102040816326531E+00  0.0000000000000000E+00 -0.9540018307893249E-49
  0.5102040816326531E+00  0.2040816326530612E-01  0.6678680600675124E+00
  0.5102040816326531E+00  0.4081632653061224E-01  0.1295508164321115E+01
  0.5102040816326531E+00  0.6122448979591837E-01  0.1884333351691653E+01
  0.5102040816326531E+00  0.8163265306122448E-01  0.2435740340135120E+01
  0.5102040816326531E+00  0.1020408163265306E+00  0.2951101799536173E+01
  0.5102040816326531E+00  0.1224489795918367E+00  0.3431759020467093E+01
  0.5102040816326531E+00  0.1428571428571428E+00  0.3879015079244744E+01
  0.5102040816326531E+00  0.1632653061224490E+00  0.4294128576487259E+01
  0.5102040816326531E+00  0.1836734693877551E+00  0.4678308001363838E+01
  0.5102040816326531E+00  0.2040816326530612E+00  0.5032706748785634E+01
  0.5102040816326531E+00  0.2244897959183673E+00  0.5358418793470219E+01
  0.5102040816326531E+00  0.2448979591836735E+00  0.5656475004315840E+01
  0.5102040816326531E+00  0.2653061224489796E+00  0.5927840065604658E+01
  0.5102040816326531E+00  0.2857142857142857E+00  0.6173409958568920E+01
  0.5102040816326531E+00  0.3061224489795918E+00  0.6394009947800472E+01
  0.5102040816326531E+00  0.3265306122448979E+00  0.6590393011601577E+01
  0.5102040816326531E+00  0.3469387755102041E+00  0.6763238653226026E+01
  0.5102040816326531E+00  0.3673469387755102E+00  0.6913152030520299E+01
  0.5102040816326531E+00  0.3877551020408163E+00  0.7040663344197124E+01
  0.5102040816326531E+00  0.4081632653061224E+00  0.7146227429339733E+01
  0.5102040816326531E+00  0.4285714285714285E+00  0.7230223500288743E+01
  0.5102040816326531E+00  0.4489795918367346E+00  0.7292955005422965E+01
  0.5102040816326531E+00  0.4693877551020408E+00  0.7334649555216510E+01
  0.5102040816326531E+00  0.4897959183673469E+00  0.7355458894119264E+01
  0.5102040816326531E+00  0.5102040816326531E+00  0.7355458894119268E+01
  0.5102040816326531E+00  0.5306122448979591E+00  0.7334649555216506E+01
  0.5102040816326531E+00  0.5510204081632653E+00  0.7292955005422954E+01
  0.5102040816326531E+00  0.5714285714285714E+00  0.7230223500288731E+01
  0.5102040816326531E+00  0.5918367346938775E+00  0.7146227429339715E+01
  0.5102040816326531E+00  0.6122448979591836E+00  0.7040663344197096E+01
  0.5102040816326531E+00  0.6326530612244897E+00  0.6913152030520275E+01
  0.5102040816326531E+00  0.6530612244897959E+00  0.6763238653225988E+01
  0.5102040816326531E+00  0.6734693877551020E+00  0.6590393011601537E+01
  0.5102040816326531E+00  0.6938775510204082E+00  0.6394009947800426E+01
  0.5102040816326531E+00  0.7142857142857142E+00  0.6173409958568867E+01
  0.5102040816326531E+00  0.7346938775510203E+00  0.5927840065604609E+01
  0.5102040816326531E+00  0.7551020408163265E+00  0.5656475004315779E+01
  0.5102040816326531E+00  0.7755102040816326E+00  0.5358418793470157E+01
  0.5102040816326531E+00  0.7959183673469387E+00  0.5032706748785566E+01
  0.5102040816326531E+00  0.8163265306122448E+00  0.4678308001363783E+01
  0.5102040816326531E+00  0.8367346938775510E+00  0.4294128576487197E+01
  0.5102040816326531E+00  0.8571428571428571E+00  0.3879015079244693E+01
  0.5102040816326531E+00  0.8775510204081632E+00  0.3431759020467069E+01
  0.5102040816326531E+00  0.8979591836734693E+00  0.2951101799536190E+01
  0.5102040816326531E+00  0.9183673469387754E+00  0.2435740340135171E+01
  0.5102040816326531E+00  0.9387755102040816E+00  0.1884333351691719E+01
  0.5102040816326531E+00  0.9591836734693877E+00  0.1295508164321195E+01
  0.5102040816326531E+00  0.9795918367346939E+00  0.6678680600675430E+00
  0.5102040816326531E+00  0.9999999999999999E+00 -0.9540018307893249E-49
  0.5306122448979591E+00  0.0000000000000000E+00 -0.9540018307893249E-49
  0.5306122448979591E+00  0.2040816326530612E-01  0.6664494847196085E+00
  0.5306122448979591E+00  0.4081632653061224E-01  0.1292679164120322E+01
  0.5306122448979591E+00  0.6122448979591837E-01  0.1880110085951310E+01
  0.5306122448979591E+00  0.8163265306122448E-01  0.2430146701082301E+01
  0.5306122448979591E+00  0.1020408163265306E+00  0.2944169016356164E+01
  0.5306122448979591E+00  0.1224489795918367E+00  0.3423525162874501E+01
  0.5306122448979591E+00  0.1428571428571428E+00  0.3869524483824771E+01
  0.5306122448979591E+00  0.1632653061224490E+00  0.4283431220817278E+01
  0.5306122448979591E+00  0.1836734693877551E+00  0.4666458850863624E+01
  0.5306122448979591E+00  0.2040816326530612E+00  0.5019765099614258E+01
  0.5306122448979591E+00  0.2244897959183673E+00  0.5344447631968889E+01
  0.5306122448979591E+00  0.2448979591836735E+00  0.5641540399915970E+01
  0.5306122448979591E+00  0.2653061224489796E+00  0.5912010610189399E+01
  0.5306122448979591E+00  0.2857142857142857E+00  0.6156756261343515E+01
  0.5306122448979591E+00  0.3061224489795918E+00  0.6376604191056616E+01
  0.5306122448979591E+00  0.3265306122448979E+00  0.6572308569525899E+01
  0.5306122448979591E+00  0.3469387755102041E+00  0.6744549773194058E+01
  0.5306122448979591E+00  0.3673469387755102E+00  0.6893933574154562E+01
  0.5306122448979591E+00  0.3877551020408163E+00  0.7020990583823982E+01
  0.5306122448979591E+00  0.4081632653061224E+00  0.7126175894293139E+01
  0.5306122448979591E+00  0.4285714285714285E+00  0.7209868866701224E+01
  0.5306122448979591E+00  0.4489795918367346E+00  0.7272373022633711E+01
  0.5306122448979591E+00  0.4693877551020408E+00  0.7313916001632312E+01
  0.5306122448979591E+00  0.4897959183673469E+00  0.7334649555216512E+01
  0.5306122448979591E+00  0.5102040816326531E+00  0.7334649555216511E+01
  0.5306122448979591E+00  0.5306122448979591E+00  0.7313916001632307E+01
  0.5306122448979591E+00  0.5510204081632653E+00  0.7272373022633702E+01
  0.5306122448979591E+00  0.5714285714285714E+00  0.7209868866701205E+01
  0.5306122448979591E+00  0.5918367346938775E+00  0.7126175894293120E+01
  0.5306122448979591E+00  0.6122448979591836E+00  0.7020990583823960E+01
  0.5306122448979591E+00  0.6326530612244897E+00  0.6893933574154533E+01
  0.5306122448979591E+00  0.6530612244897959E+00  0.6744549773194021E+01
  0.5306122448979591E+00  0.6734693877551020E+00  0.6572308569525865E+01
  0.5306122448979591E+00  0.6938775510204082E+00  0.6376604191056570E+01
  0.5306122448979591E+00  0.7142857142857142E+00  0.6156756261343461E+01
  0.5306122448979591E+00  0.7346938775510203E+00  0.5912010610189338E+01
  0.5306122448979591E+00  0.7551020408163265E+00  0.5641540399915912E+01
  0.5306122448979591E+00  0.7755102040816326E+00  0.5344447631968832E+01
  0.5306122448979591E+00  0.7959183673469387E+00  0.5019765099614201E+01
  0.5306122448979591E+00  0.8163265306122448E+00  0.4666458850863561E+01
  0.5306122448979591E+00  0.8367346938775510E+00  0.4283431220817211E+01
  0.5306122448979591E+00  0.8571428571428571E+00  0.3869524483824720E+01
  0.5306122448979591E+00  0.8775510204081632E+00  0.3423525162874479E+01
  0.5306122448979591E+00  0.8979591836734693E+00  0.2944169016356179E+01
  0.5306122448979591E+00  0.9183673469387754E+00  0.2430146701082353E+01
  0.5306122448979591E+00  0.9387755102040816E+00  0.1880110085951376E+01
  0.5306122448979591E+00  0.9591836734693877E+00  0.1292679164120402E+01
  0.5306122448979591E+00  0.9795918367346939E+00  0.6664494847196391E+00
  0.5306122448979591E+00  0.9999999999999999E+00 -0.9540018307893249E-49
  0.5510204081632653E+00  0.0000000000000000E+00 -0.9540018307893249E-49
  0.5510204081632653E+00  0.2040816326530612E-01  0.6636041776205217E+00
  0.5510204081632653E+00  0.4081632653061224E-01  0.1287004992622804E+01
  0.5510204081632653E+00  0.6122448979591837E-01  0.1871639644653942E+01
  0.5510204081632653E+00  0.8163265306122448E-01  0.2418928170494253E+01
  0.5510204081632653E+00  0.1020408163265306E+00  0.2930265351406966E+01
  0.5510204081632653E+00  0.1224489795918367E+00  0.3407013076810675E+01
  0.5510204081632653E+00  0.1428571428571428E+00  0.3850493275879775E+01
  0.5510204081632653E+00  0.1632653061224490E+00  0.4261981499503758E+01
  0.5510204081632653E+00  0.1836734693877551E+00  0.4642701204353216E+01
  0.5510204081632653E+00  0.2040816326530612E+00  0.4993818761029221E+01
  0.5510204081632653E+00  0.2244897959183673E+00  0.5316439181345903E+01
  0.5510204081632653E+00  0.2448979591836735E+00  0.5611602537031477E+01
  0.5510204081632653E+00  0.2653061224489796E+00  0.5880281024225000E+01
  0.5510204081632653E+00  0.2857142857142857E+00  0.6123376615239534E+01
  0.5510204081632653E+00  0.3061224489795918E+00  0.6341719230888474E+01
  0.5510204081632653E+00  0.3265306122448979E+00  0.6536065362678555E+01
  0.5510204081632653E+00  0.3469387755102041E+00  0.6707097073669715E+01
  0.5510204081632653E+00  0.3673469387755102E+00  0.6855421309053135E+01
  0.5510204081632653E+00  0.3877551020408163E+00  0.6981569451808068E+01
  0.5510204081632653E+00  0.4081632653061224E+00  0.7085997064554149E+01
  0.5510204081632653E+00  0.4285714285714285E+00  0.7169083765411305E+01
  0.5510204081632653E+00  0.4489795918367346E+00  0.7231133192925886E+01
  0.5510204081632653E+00  0.4693877551020408E+00  0.7272373022633718E+01
  0.5510204081632653E+00  0.4897959183673469E+00  0.7292955005422963E+01
  0.5510204081632653E+00  0.5102040816326531E+00  0.7292955005422963E+01
  0.5510204081632653E+00  0.5306122448979591E+00  0.7272373022633708E+01
  0.5510204081632653E+00  0.5510204081632653E+00  0.7231133192925873E+01
  0.5510204081632653E+00  0.5714285714285714E+00  0.7169083765411289E+01
  0.5510204081632653E+00  0.5918367346938775E+00  0.7085997064554132E+01
  0.5510204081632653E+00  0.6122448979591836E+00  0.6981569451808048E+01
  0.5510204081632653E+00  0.6326530612244897E+00  0.6855421309053104E+01
  0.5510204081632653E+00  0.6530612244897959E+00  0.6707097073669682E+01
  0.5510204081632653E+00  0.6734693877551020E+00  0.6536065362678507E+01
  0.5510204081632653E+00  0.6938775510204082E+00  0.6341719230888429E+01
  0.5510204081632653E+00  0.7142857142857142E+00  0.6123376615239486E+01
  0.5510204081632653E+00  0.7346938775510203E+00  0.5880281024224951E+01
  0.5510204081632653E+00  0.7551020408163265E+00  0.5611602537031433E+01
  0.5510204081632653E+00  0.7755102040816326E+00  0.5316439181345843E+01
  0.5510204081632653E+00  0.7959183673469387E+00  0.4993818761029161E+01
  0.5510204081632653E+00  0.8163265306122448E+00  0.4642701204353151E+01
  0.5510204081632653E+00  0.8367346938775510E+00  0.4261981499503701E+01
  0.5510204081632653E+00  0.8571428571428571E+00  0.3850493275879727E+01
  0.5510204081632653E+00  0.8775510204081632E+00  0.3407013076810653E+01
  0.5510204081632653E+00  0.8979591836734693E+00  0.2930265351406981E+01
  0.5510204081632653E+00  0.9183673469387754E+00  0.2418928170494304E+01
  0.5510204081632653E+00  0.9387755102040816E+00  0.1871639644654010E+01
  0.5510204081632653E+00  0.9591836734693877E+00  0.1287004992622883E+01
  0.5510204081632653E+00  0.9795918367346939E+00  0.6636041776205535E+00
  0.5510204081632653E+00  0.9999999999999999E+00 -0.9540018307893249E-49
  0.5714285714285714E+00  0.0000000000000000E+00 -0.9540018307893249E-49
  0.5714285714285714E+00  0.2040816326530612E-01  0.6593156842190834E+00
  0.5714285714285714E+00  0.4081632653061224E-01  0.1278453031597450E+01
  0.5714285714285714E+00  0.6122448979591837E-01  0.1858873812011570E+01
  0.5714285714285714E+00  0.8163265306122448E-01  0.2402021746717031E+01
  0.5714285714285714E+00  0.1020408163265306E+00  0.2909314033534252E+01
  0.5714285714285714E+00  0.1224489795918367E+00  0.3382133394270448E+01
  0.5714285714285714E+00  0.1428571428571428E+00  0.3821820767633439E+01
  0.5714285714285714E+00  0.1632653061224490E+00  0.4229668735038488E+01
  0.5714285714285714E+00  0.1836734693877551E+00  0.4606915729761378E+01
  0.5714285714285714E+00  0.2040816326530612E+00  0.4954741044929158E+01
  0.5714285714285714E+00  0.2244897959183673E+00  0.5274260625171506E+01
  0.5714285714285714E+00  0.2448979591836735E+00  0.5566523601791659E+01
  0.5714285714285714E+00  0.2653061224489796E+00  0.5832509512619613E+01
  0.5714285714285714E+00  0.2857142857142857E+00  0.6073126135157611E+01
  0.5714285714285714E+00  0.3061224489795918E+00  0.6289207854617649E+01
  0.5714285714285714E+00  0.3265306122448979E+00  0.6481514486106820E+01
  0.5714285714285714E+00  0.3469387755102041E+00  0.6650730471565181E+01
  0.5714285714285714E+00  0.3673469387755102E+00  0.6797464376152500E+01
  0.5714285714285714E+00  0.3877551020408163E+00  0.6922248614771669E+01
  0.5714285714285714E+00  0.4081632653061224E+00  0.7025539346608547E+01
  0.5714285714285714E+00  0.4285714285714285E+00  0.7107716483418838E+01
  0.5714285714285714E+00  0.4489795918367346E+00  0.7169083765411300E+01
  0.5714285714285714E+00  0.4693877551020408E+00  0.7209868866701220E+01
  0.5714285714285714E+00  0.4897959183673469E+00  0.7230223500288744E+01
  0.5714285714285714E+00  0.5102040816326531E+00  0.7230223500288751E+01
  0.5714285714285714E+00  0.5306122448979591E+00  0.7209868866701215E+01
  0.5714285714285714E+00  0.5510204081632653E+00  0.7169083765411297E+01
  0.5714285714285714E+00  0.5714285714285714E+00  0.7107716483418818E+01
  0.5714285714285714E+00  0.5918367346938775E+00  0.7025539346608528E+01
  0.5714285714285714E+00  0.6122448979591836E+00  0.6922248614771640E+01
  0.5714285714285714E+00  0.6326530612244897E+00  0.6797464376152464E+01
  0.5714285714285714E+00  0.6530612244897959E+00  0.6650730471565153E+01
  0.5714285714285714E+00  0.6734693877551020E+00  0.6481514486106779E+01
  0.5714285714285714E+00  0.6938775510204082E+00  0.6289207854617604E+01
  0.5714285714285714E+00  0.7142857142857142E+00  0.6073126135157561E+01
  0.5714285714285714E+00  0.7346938775510203E+00  0.5832509512619565E+01
  0.5714285714285714E+00  0.7551020408163265E+00  0.5566523601791602E+01
  0.5714285714285714E+00  0.7755102040816326E+00  0.5274260625171442E+01
  0.5714285714285714E+00  0.7959183673469387E+00  0.4954741044929097E+01
  0.5714285714285714E+00  0.8163265306122448E+00  0.4606915729761320E+01
  0.5714285714285714E+00  0.8367346938775510E+00  0.4229668735038430E+01
  0.5714285714285714E+00  0.8571428571428571E+00  0.3821820767633391E+01
  0.5714285714285714E+00  0.8775510204081632E+00  0.3382133394270431E+01
  0.5714285714285714E+00  0.8979591836734693E+00  0.2909314033534267E+01
  0.5714285714285714E+00  0.9183673469387754E+00  0.2402021746717083E+01
  0.5714285714285714E+00  0.9387755102040816E+00  0.1858873812011638E+01
  0.5714285714285714E+00  0.9591836734693877E+00  0.1278453031597530E+01
  0.5714285714285714E+00  0.9795918367346939E+00  0.6593156842191147E+00
  0.5714285714285714E+00  0.9999999999999999E+00 -0.9540018307893249E-49
  0.5918367346938775E+00  0.0000000000000000E+00 -0.9540018307893249E-49
  0.5918367346938775E+00  0.2040816326530612E-01  0.6535589608764916E+00
  0.5918367346938775E+00  0.4081632653061224E-01  0.1266973649419029E+01
  0.5918367346938775E+00  0.6122448979591837E-01  0.1841739254373212E+01
  0.5918367346938775E+00  0.8163265306122448E-01  0.2379331662297198E+01
  0.5918367346938775E+00  0.1020408163265306E+00  0.2881198446049235E+01
  0.5918367346938775E+00  0.1224489795918367E+00  0.3348750472670249E+01
  0.5918367346938775E+00  0.1428571428571428E+00  0.3783354270179556E+01
  0.5918367346938775E+00  0.1632653061224490E+00  0.4186325246748640E+01
  0.5918367346938775E+00  0.1836734693877551E+00  0.4558921809425736E+01
  0.5918367346938775E+00  0.2040816326530612E+00  0.4902340387124154E+01
  0.5918367346938775E+00  0.2244897959183673E+00  0.5217711326765996E+01
  0.5918367346938775E+00  0.2448979591836735E+00  0.5506095603745966E+01
  0.5918367346938775E+00  0.2653061224489796E+00  0.5768482268519149E+01
  0.5918367346938775E+00  0.2857142857142857E+00  0.6005786539520314E+01
  0.5918367346938775E+00  0.3061224489795918E+00  0.6218848447649849E+01
  0.5918367346938775E+00  0.3265306122448979E+00  0.6408431937841987E+01
  0.5918367346938775E+00  0.3469387755102041E+00  0.6575224337380727E+01
  0.5918367346938775E+00  0.3673469387755102E+00  0.6719836107405645E+01
  0.5918367346938775E+00  0.3877551020408163E+00  0.6842800802420998E+01
  0.5918367346938775E+00  0.4081632653061224E+00  0.6944575171791770E+01
  0.5918367346938775E+00  0.4285714285714285E+00  0.7025539346608543E+01
  0.5918367346938775E+00  0.4489795918367346E+00  0.7085997064554144E+01
  0.5918367346938775E+00  0.4693877551020408E+00  0.7126175894293132E+01
  0.5918367346938775E+00  0.4897959183673469E+00  0.7146227429339735E+01
  0.5918367346938775E+00  0.5102040816326531E+00  0.7146227429339730E+01
  0.5918367346938775E+00  0.5306122448979591E+00  0.7126175894293128E+01
  0.5918367346938775E+00  0.5510204081632653E+00  0.7085997064554133E+01
  0.5918367346938775E+00  0.5714285714285714E+00  0.7025539346608532E+01
  0.5918367346938775E+00  0.5918367346938775E+00  0.6944575171791750E+01
  0.5918367346938775E+00  0.6122448979591836E+00  0.6842800802420975E+01
  0.5918367346938775E+00  0.6326530612244897E+00  0.6719836107405621E+01
  0.5918367346938775E+00  0.6530612244897959E+00  0.6575224337380694E+01
  0.5918367346938775E+00  0.6734693877551020E+00  0.6408431937841961E+01
  0.5918367346938775E+00  0.6938775510204082E+00  0.6218848447649810E+01
  0.5918367346938775E+00  0.7142857142857142E+00  0.6005786539520266E+01
  0.5918367346938775E+00  0.7346938775510203E+00  0.5768482268519104E+01
  0.5918367346938775E+00  0.7551020408163265E+00  0.5506095603745909E+01
  0.5918367346938775E+00  0.7755102040816326E+00  0.5217711326765941E+01
  0.5918367346938775E+00  0.7959183673469387E+00  0.4902340387124085E+01
  0.5918367346938775E+00  0.8163265306122448E+00  0.4558921809425678E+01
  0.5918367346938775E+00  0.8367346938775510E+00  0.4186325246748585E+01
  0.5918367346938775E+00  0.8571428571428571E+00  0.3783354270179510E+01
  0.5918367346938775E+00  0.8775510204081632E+00  0.3348750472670230E+01
  0.5918367346938775E+00  0.8979591836734693E+00  0.2881198446049255E+01
  0.5918367346938775E+00  0.9183673469387754E+00  0.2379331662297251E+01
  0.5918367346938775E+00  0.9387755102040816E+00  0.1841739254373281E+01
  0.5918367346938775E+00  0.9591836734693877E+00  0.1266973649419112E+01
  0.5918367346938775E+00  0.9795918367346939E+00  0.6535589608765252E+00
  0.5918367346938775E+00  0.9999999999999999E+00 -0.9540018307893249E-49
  0.6122448979591836E+00  0.0000000000000000E+00 -0.9540018307893249E-49
  0.6122448979591836E+00  0.2040816326530612E-01  0.6462999191096277E+00
  0.6122448979591836E+00  0.4081632653061224E-01  0.1252499314900816E+01
  0.6122448979591836E+00  0.6122448979591837E-01  0.1820136251696148E+01
  0.6122448979591836E+00  0.8163265306122448E-01  0.2350727799015808E+01
  0.6122448979591836E+00  0.1020408163265306E+00  0.2845760302902424E+01
  0.6122448979591836E+00  0.1224489795918367E+00  0.3306680414711010E+01
  0.6122448979591836E+00  0.1428571428571428E+00  0.3734887038290091E+01
  0.6122448979591836E+00  0.1632653061224490E+00  0.4131724295321392E+01
  0.6122448979591836E+00  0.1836734693877551E+00  0.4498475548878480E+01
  0.6122448979591836E+00  0.2040816326530612E+00  0.4836358472500208E+01
  0.6122448979591836E+00  0.2244897959183673E+00  0.5146521109645160E+01
  0.6122448979591836E+00  0.2448979591836735E+00  0.5430038837630508E+01
  0.6122448979591836E+00  0.2653061224489796E+00  0.5687912130736606E+01
  0.6122448979591836E+00  0.2857142857142857E+00  0.5921065007656508E+01
  0.6122448979591836E+00  0.3061224489795918E+00  0.6130344046909543E+01
  0.6122448979591836E+00  0.3265306122448979E+00  0.6316517858122851E+01
  0.6122448979591836E+00  0.3469387755102041E+00  0.6480276905281254E+01
  0.6122448979591836E+00  0.3673469387755102E+00  0.6622233588537614E+01
  0.6122448979591836E+00  0.3877551020408163E+00  0.6742922502723686E+01
  0.6122448979591836E+00  0.4081632653061224E+00  0.6842800802421008E+01
  0.6122448979591836E+00  0.4285714285714285E+00  0.6922248614771669E+01
  0.6122448979591836E+00  0.4489795918367346E+00  0.6981569451808075E+01
  0.6122448979591836E+00  0.4693877551020408E+00  0.7020990583823982E+01
  0.6122448979591836E+00  0.4897959183673469E+00  0.7040663344197124E+01
  0.6122448979591836E+00  0.5102040816326531E+00  0.7040663344197124E+01
  0.6122448979591836E+00  0.5306122448979591E+00  0.7020990583823981E+01
  0.6122448979591836E+00  0.5510204081632653E+00  0.6981569451808066E+01
  0.6122448979591836E+00  0.5714285714285714E+00  0.6922248614771655E+01
  0.6122448979591836E+00  0.5918367346938775E+00  0.6842800802420981E+01
  0.6122448979591836E+00  0.6122448979591836E+00  0.6742922502723658E+01
  0.6122448979591836E+00  0.6326530612244897E+00  0.6622233588537588E+01
  0.6122448979591836E+00  0.6530612244897959E+00  0.6480276905281233E+01
  0.6122448979591836E+00  0.6734693877551020E+00  0.6316517858122817E+01
  0.6122448979591836E+00  0.6938775510204082E+00  0.6130344046909498E+01
  0.6122448979591836E+00  0.7142857142857142E+00  0.5921065007656473E+01
  0.6122448979591836E+00  0.7346938775510203E+00  0.5687912130736556E+01
  0.6122448979591836E+00  0.7551020408163265E+00  0.5430038837630451E+01
  0.6122448979591836E+00  0.7755102040816326E+00  0.5146521109645108E+01
  0.6122448979591836E+00  0.7959183673469387E+00  0.4836358472500140E+01
  0.6122448979591836E+00  0.8163265306122448E+00  0.4498475548878423E+01
  0.6122448979591836E+00  0.8367346938775510E+00  0.4131724295321329E+01
  0.6122448979591836E+00  0.8571428571428571E+00  0.3734887038290046E+01
  0.6122448979591836E+00  0.8775510204081632E+00  0.3306680414710996E+01
  0.6122448979591836E+00  0.8979591836734693E+00  0.2845760302902447E+01
  0.6122448979591836E+00  0.9183673469387754E+00  0.2350727799015864E+01
  0.6122448979591836E+00  0.9387755102040816E+00  0.1820136251696221E+01
  0.6122448979591836E+00  0.9591836734693877E+00  0.1252499314900898E+01
  0.6122448979591836E+00  0.9795918367346939E+00  0.6462999191096619E+00
  0.6122448979591836E+00  0.9999999999999999E+00 -0.9540018307893249E-49
  0.6326530612244897E+00  0.0000000000000000E+00 -0.9540018307893249E-49
  0.6326530612244897E+00  0.2040816326530612E-01  0.6374947796695690E+00
  0.6326530612244897E+00  0.4081632653061224E-01  0.1234943343165698E+01
  0.6326530612244897E+00  0.6122448979591837E-01  0.1793936906450839E+01
  0.6326530612244897E+00  0.8163265306122448E-01  0.2316043457000844E+01
  0.6326530612244897E+00  0.1020408163265306E+00  0.2802797091443406E+01
  0.6326530612244897E+00  0.1224489795918367E+00  0.3255688304291624E+01
  0.6326530612244897E+00  0.1428571428571428E+00  0.3676155415709912E+01
  0.6326530612244897E+00  0.1632653061224490E+00  0.4065577242929768E+01
  0.6326530612244897E+00  0.1836734693877551E+00  0.4425267041321769E+01
  0.6326530612244897E+00  0.2040816326530612E+00  0.4756467674667360E+01
  0.6326530612244897E+00  0.2244897959183673E+00  0.5060347923804351E+01
  0.6326530612244897E+00  0.2448979591836735E+00  0.5337999809346569E+01
  0.6326530612244897E+00  0.2653061224489796E+00  0.5590436786117045E+01
  0.6326530612244897E+00  0.2857142857142857E+00  0.5818592661502121E+01
  0.6326530612244897E+00  0.3061224489795918E+00  0.6023321093884278E+01
  0.6326530612244897E+00  0.3265306122448979E+00  0.6205395537535076E+01
  0.6326530612244897E+00  0.3469387755102041E+00  0.6365509514205483E+01
  0.6326530612244897E+00  0.3673469387755102E+00  0.6504277107101341E+01
  0.6326530612244897E+00  0.3877551020408163E+00  0.6622233588537616E+01
  0.6326530612244897E+00  0.4081632653061224E+00  0.6719836107405643E+01
  0.6326530612244897E+00  0.4285714285714285E+00  0.6797464376152496E+01
  0.6326530612244897E+00  0.4489795918367346E+00  0.6855421309053137E+01
  0.6326530612244897E+00  0.4693877551020408E+00  0.6893933574154562E+01
  0.6326530612244897E+00  0.4897959183673469E+00  0.6913152030520303E+01
  0.6326530612244897E+00  0.5102040816326531E+00  0.6913152030520311E+01
  0.6326530612244897E+00  0.5306122448979591E+00  0.6893933574154553E+01
  0.6326530612244897E+00  0.5510204081632653E+00  0.6855421309053128E+01
  0.6326530612244897E+00  0.5714285714285714E+00  0.6797464376152481E+01
  0.6326530612244897E+00  0.5918367346938775E+00  0.6719836107405629E+01
  0.6326530612244897E+00  0.6122448979591836E+00  0.6622233588537596E+01
  0.6326530612244897E+00  0.6326530612244897E+00  0.6504277107101327E+01
  0.6326530612244897E+00  0.6530612244897959E+00  0.6365509514205463E+01
  0.6326530612244897E+00  0.6734693877551020E+00  0.6205395537535045E+01
  0.6326530612244897E+00  0.6938775510204082E+00  0.6023321093884236E+01
  0.6326530612244897E+00  0.7142857142857142E+00  0.5818592661502080E+01
  0.6326530612244897E+00  0.7346938775510203E+00  0.5590436786116997E+01
  0.6326530612244897E+00  0.7551020408163265E+00  0.5337999809346526E+01
  0.6326530612244897E+00  0.7755102040816326E+00  0.5060347923804303E+01
  0.6326530612244897E+00  0.7959183673469387E+00  0.4756467674667300E+01
  0.6326530612244897E+00  0.8163265306122448E+00  0.4425267041321709E+01
  0.6326530612244897E+00  0.8367346938775510E+00  0.4065577242929702E+01
  0.6326530612244897E+00  0.8571428571428571E+00  0.3676155415709866E+01
  0.6326530612244897E+00  0.8775510204081632E+00  0.3255688304291610E+01
  0.6326530612244897E+00  0.8979591836734693E+00  0.2802797091443430E+01
  0.6326530612244897E+00  0.9183673469387754E+00  0.2316043457000897E+01
  0.6326530612244897E+00  0.9387755102040816E+00  0.1793936906450914E+01
  0.6326530612244897E+00  0.9591836734693877E+00  0.1234943343165783E+01
  0.6326530612244897E+00  0.9795918367346939E+00  0.6374947796696055E+00
  0.6326530612244897E+00  0.9999999999999999E+00 -0.9540018307893249E-49
  0.6530612244897959E+00  0.0000000000000000E+00 -0.9540018307893249E-49
  0.6530612244897959E+00  0.2040816326530612E-01  0.6270891987385173E+00
  0.6530612244897959E+00  0.4081632653061224E-01  0.1214198202309385E+01
  0.6530612244897959E+00  0.6122448979591837E-01  0.1762982732778276E+01
  0.6530612244897959E+00  0.8163265306122448E-01  0.2275072364468778E+01
  0.6530612244897959E+00  0.1020408163265306E+00  0.2752058662249677E+01
  0.6530612244897959E+00  0.1224489795918367E+00  0.3195484542233884E+01
  0.6530612244897959E+00  0.1428571428571428E+00  0.3606835075476490E+01
  0.6530612244897959E+00  0.1632653061224490E+00  0.3987529839429468E+01
  0.6530612244897959E+00  0.1836734693877551E+00  0.4338916816958256E+01
  0.6530612244897959E+00  0.2040816326530612E+00  0.4662267758617761E+01
  0.6530612244897959E+00  0.2244897959183673E+00  0.4958774864773342E+01
  0.6530612244897959E+00  0.2448979591836735E+00  0.5229548609450407E+01
  0.6530612244897959E+00  0.2653061224489796E+00  0.5475616513881575E+01
  0.6530612244897959E+00  0.2857142857142857E+00  0.5697922679602882E+01
  0.6530612244897959E+00  0.3061224489795918E+00  0.5897327903522456E+01
  0.6530612244897959E+00  0.3265306122448979E+00  0.6074610216187316E+01
  0.6530612244897959E+00  0.3469387755102041E+00  0.6230465706027608E+01
  0.6530612244897959E+00  0.3673469387755102E+00  0.6365509514205486E+01
  0.6530612244897959E+00  0.3877551020408163E+00  0.6480276905281261E+01
  0.6530612244897959E+00  0.4081632653061224E+00  0.6575224337380729E+01
  0.6530612244897959E+00  0.4285714285714285E+00  0.6650730471565179E+01
  0.6530612244897959E+00  0.4489795918367346E+00  0.6707097073669718E+01
  0.6530612244897959E+00  0.4693877551020408E+00  0.6744549773194060E+01
  0.6530612244897959E+00  0.4897959183673469E+00  0.6763238653226023E+01
  0.6530612244897959E+00  0.5102040816326531E+00  0.6763238653226025E+01
  0.6530612244897959E+00  0.5306122448979591E+00  0.6744549773194055E+01
  0.6530612244897959E+00  0.5510204081632653E+00  0.6707097073669711E+01
  0.6530612244897959E+00  0.5714285714285714E+00  0.6650730471565176E+01
  0.6530612244897959E+00  0.5918367346938775E+00  0.6575224337380715E+01
  0.6530612244897959E+00  0.6122448979591836E+00  0.6480276905281243E+01
  0.6530612244897959E+00  0.6326530612244897E+00  0.6365509514205466E+01
  0.6530612244897959E+00  0.6530612244897959E+00  0.6230465706027584E+01
  0.6530612244897959E+00  0.6734693877551020E+00  0.6074610216187289E+01
  0.6530612244897959E+00  0.6938775510204082E+00  0.5897327903522421E+01
  0.6530612244897959E+00  0.7142857142857142E+00  0.5697922679602845E+01
  0.6530612244897959E+00  0.7346938775510203E+00  0.5475616513881524E+01
  0.6530612244897959E+00  0.7551020408163265E+00  0.5229548609450360E+01
  0.6530612244897959E+00  0.7755102040816326E+00  0.4958774864773289E+01
  0.6530612244897959E+00  0.7959183673469387E+00  0.4662267758617702E+01
  0.6530612244897959E+00  0.8163265306122448E+00  0.4338916816958197E+01
  0.6530612244897959E+00  0.8367346938775510E+00  0.3987529839429409E+01
  0.6530612244897959E+00  0.8571428571428571E+00  0.3606835075476446E+01
  0.6530612244897959E+00  0.8775510204081632E+00  0.3195484542233868E+01
  0.6530612244897959E+00  0.8979591836734693E+00  0.2752058662249702E+01
  0.6530612244897959E+00  0.9183673469387754E+00  0.2275072364468839E+01
  0.6530612244897959E+00  0.9387755102040816E+00  0.1762982732778356E+01
  0.6530612244897959E+00  0.9591836734693877E+00  0.1214198202309480E+01
  0.6530612244897959E+00  0.9795918367346939E+00  0.6270891987385566E+00
  0.6530612244897959E+00  0.9999999999999999E+00 -0.9540018307893249E-49
  0.6734693877551020E+00  0.0000000000000000E+00 -0.9540018307893249E-49
  0.6734693877551020E+00  0.2040816326530612E-01  0.6150171119721484E+00
  0.6734693877551020E+00  0.4081632653061224E-01  0.1190133278820805E+01
  0.6734693877551020E+00  0.6122448979591837E-01  0.1727081487799700E+01
  0.6734693877551020E+00  0.8163265306122448E-01  0.2227564768580014E+01
  0.6734693877551020E+00  0.1020408163265306E+00  0.2693242800201498E+01
  0.6734693877551020E+00  0.1224489795918367E+00  0.3125720123104913E+01
  0.6734693877551020E+00  0.1428571428571428E+00  0.3526536213966588E+01
  0.6734693877551020E+00  0.1632653061224490E+00  0.3897157517354758E+01
  0.6734693877551020E+00  0.1836734693877551E+00  0.4238971386968064E+01
  0.6734693877551020E+00  0.2040816326530612E+00  0.4553281783310562E+01
  0.6734693877551020E+00  0.2244897959183673E+00  0.4841306507391055E+01
  0.6734693877551020E+00  0.2448979591836735E+00  0.5104175717724382E+01
  0.6734693877551020E+00  0.2653061224489796E+00  0.5342931473136113E+01
  0.6734693877551020E+00  0.2857142857142857E+00  0.5558528058175439E+01
  0.6734693877551020E+00  0.3061224489795918E+00  0.5751832873594450E+01
  0.6734693877551020E+00  0.3265306122448979E+00  0.5923627705211889E+01
  0.6734693877551020E+00  0.3469387755102041E+00  0.6074610216187326E+01
  0.6734693877551020E+00  0.3673469387755102E+00  0.6205395537535074E+01
  0.6734693877551020E+00  0.3877551020408163E+00  0.6316517858122856E+01
  0.6734693877551020E+00  0.4081632653061224E+00  0.6408431937841995E+01
  0.6734693877551020E+00  0.4285714285714285E+00  0.6481514486106824E+01
  0.6734693877551020E+00  0.4489795918367346E+00  0.6536065362678547E+01
  0.6734693877551020E+00  0.4693877551020408E+00  0.6572308569525900E+01
  0.6734693877551020E+00  0.4897959183673469E+00  0.6590393011601583E+01
  0.6734693877551020E+00  0.5102040816326531E+00  0.6590393011601583E+01
  0.6734693877551020E+00  0.5306122448979591E+00  0.6572308569525896E+01
  0.6734693877551020E+00  0.5510204081632653E+00  0.6536065362678545E+01
  0.6734693877551020E+00  0.5714285714285714E+00  0.6481514486106818E+01
  0.6734693877551020E+00  0.5918367346938775E+00  0.6408431937841976E+01
  0.6734693877551020E+00  0.6122448979591836E+00  0.6316517858122838E+01
  0.6734693877551020E+00  0.6326530612244897E+00  0.6205395537535062E+01
  0.6734693877551020E+00  0.6530612244897959E+00  0.6074610216187296E+01
  0.6734693877551020E+00  0.6734693877551020E+00  0.5923627705211860E+01
  0.6734693877551020E+00  0.6938775510204082E+00  0.5751832873594421E+01
  0.6734693877551020E+00  0.7142857142857142E+00  0.5558528058175409E+01
  0.6734693877551020E+00  0.7346938775510203E+00  0.5342931473136066E+01
  0.6734693877551020E+00  0.7551020408163265E+00  0.5104175717724339E+01
  0.6734693877551020E+00  0.7755102040816326E+00  0.4841306507391005E+01
  0.6734693877551020E+00  0.7959183673469387E+00  0.4553281783310501E+01
  0.6734693877551020E+00  0.8163265306122448E+00  0.4238971386968010E+01
  0.6734693877551020E+00  0.8367346938775510E+00  0.3897157517354697E+01
  0.6734693877551020E+00  0.8571428571428571E+00  0.3526536213966542E+01
  0.6734693877551020E+00  0.8775510204081632E+00  0.3125720123104904E+01
  0.6734693877551020E+00  0.8979591836734693E+00  0.2693242800201523E+01
  0.6734693877551020E+00  0.9183673469387754E+00  0.2227564768580080E+01
  0.6734693877551020E+00  0.9387755102040816E+00  0.1727081487799783E+01
  0.6734693877551020E+00  0.9591836734693877E+00  0.1190133278820900E+01
  0.6734693877551020E+00  0.9795918367346939E+00  0.6150171119721894E+00
  0.6734693877551020E+00  0.9999999999999999E+00 -0.9540018307893249E-49
  0.6938775510204082E+00  0.0000000000000000E+00 -0.9540018307893249E-49
  0.6938775510204082E+00  0.2040816326530612E-01  0.6011992190468970E+00
  0.6938775510204082E+00  0.4081632653061224E-01  0.1162591957238969E+01
  0.6938775510204082E+00  0.6122448979591837E-01  0.1686003051409084E+01
  0.6938775510204082E+00  0.8163265306122448E-01  0.2173222386717897E+01
  0.6938775510204082E+00  0.1020408163265306E+00  0.2625989551256230E+01
  0.6938775510204082E+00  0.1224489795918367E+00  0.3045980641640865E+01
  0.6938775510204082E+00  0.1428571428571428E+00  0.3434797514924816E+01
  0.6938775510204082E+00  0.1632653061224490E+00  0.3793959547661803E+01
  0.6938775510204082E+00  0.1836734693877551E+00  0.4124897772486866E+01
  0.6938775510204082E+00  0.2040816326530612E+00  0.4428951131584751E+01
  0.6938775510204082E+00  0.2244897959183673E+00  0.4707364514678507E+01
  0.6938775510204082E+00  0.2448979591836735E+00  0.4961288226674709E+01
  0.6938775510204082E+00  0.2653061224489796E+00  0.5191778542919123E+01
  0.6938775510204082E+00  0.2857142857142857E+00  0.5399799044469365E+01
  0.6938775510204082E+00  0.3061224489795918E+00  0.5586222470670317E+01
  0.6938775510204082E+00  0.3265306122448979E+00  0.5751832873594454E+01
  0.6938775510204082E+00  0.3469387755102041E+00  0.5897327903522458E+01
  0.6938775510204082E+00  0.3673469387755102E+00  0.6023321093884267E+01
  0.6938775510204082E+00  0.3877551020408163E+00  0.6130344046909537E+01
  0.6938775510204082E+00  0.4081632653061224E+00  0.6218848447649857E+01
  0.6938775510204082E+00  0.4285714285714285E+00  0.6289207854617649E+01
  0.6938775510204082E+00  0.4489795918367346E+00  0.6341719230888478E+01
  0.6938775510204082E+00  0.4693877551020408E+00  0.6376604191056614E+01
  0.6938775510204082E+00  0.4897959183673469E+00  0.6394009947800475E+01
  0.6938775510204082E+00  0.5102040816326531E+00  0.6394009947800477E+01
  0.6938775510204082E+00  0.5306122448979591E+00  0.6376604191056611E+01
  0.6938775510204082E+00  0.5510204081632653E+00  0.6341719230888470E+01
  0.6938775510204082E+00  0.5714285714285714E+00  0.6289207854617641E+01
  0.6938775510204082E+00  0.5918367346938775E+00  0.6218848447649840E+01
  0.6938775510204082E+00  0.6122448979591836E+00  0.6130344046909529E+01
  0.6938775510204082E+00  0.6326530612244897E+00  0.6023321093884259E+01
  0.6938775510204082E+00  0.6530612244897959E+00  0.5897327903522435E+01
  0.6938775510204082E+00  0.6734693877551020E+00  0.5751832873594431E+01
  0.6938775510204082E+00  0.6938775510204082E+00  0.5586222470670294E+01
  0.6938775510204082E+00  0.7142857142857142E+00  0.5399799044469331E+01
  0.6938775510204082E+00  0.7346938775510203E+00  0.5191778542919086E+01
  0.6938775510204082E+00  0.7551020408163265E+00  0.4961288226674664E+01
  0.6938775510204082E+00  0.7755102040816326E+00  0.4707364514678468E+01
  0.6938775510204082E+00  0.7959183673469387E+00  0.4428951131584701E+01
  0.6938775510204082E+00  0.8163265306122448E+00  0.4124897772486810E+01
  0.6938775510204082E+00  0.8367346938775510E+00  0.3793959547661741E+01
  0.6938775510204082E+00  0.8571428571428571E+00  0.3434797514924772E+01
  0.6938775510204082E+00  0.8775510204081632E+00  0.3045980641640854E+01
  0.6938775510204082E+00  0.8979591836734693E+00  0.2625989551256259E+01
  0.6938775510204082E+00  0.9183673469387754E+00  0.2173222386717962E+01
  0.6938775510204082E+00  0.9387755102040816E+00  0.1686003051409170E+01
  0.6938775510204082E+00  0.9591836734693877E+00  0.1162591957239065E+01
  0.6938775510204082E+00  0.9795918367346939E+00  0.6011992190469415E+00
  0.6938775510204082E+00  0.9999999999999999E+00 -0.9540018307893249E-49
  0.7142857142857142E+00  0.0000000000000000E+00 -0.9540018307893249E-49
  0.7142857142857142E+00  0.2040816326530612E-01  0.5855409981435212E+00
  0.7142857142857142E+00  0.4081632653061224E-01  0.1131387809008357E+01
  0.7142857142857142E+00  0.6122448979591837E-01  0.1639474083180296E+01
  0.7142857142857142E+00  0.8163265306122448E-01  0.2111691914161780E+01
  0.7142857142857142E+00  0.1020408163265306E+00  0.2549874000744348E+01
  0.7142857142857142E+00  0.1224489795918367E+00  0.2955778750791205E+01
  0.7142857142857142E+00  0.1428571428571428E+00  0.3331078649339276E+01
  0.7142857142857142E+00  0.1632653061224490E+00  0.3677351874675214E+01
  0.7142857142857142E+00  0.1836734693877551E+00  0.3996076890862255E+01
  0.7142857142857142E+00  0.2040816326530612E+00  0.4288629589353826E+01
  0.7142857142857142E+00  0.2244897959183673E+00  0.4556282486126901E+01
  0.7142857142857142E+00  0.2448979591836735E+00  0.4800205482015006E+01
  0.7142857142857142E+00  0.2653061224489796E+00  0.5021467738010808E+01
  0.7142857142857142E+00  0.2857142857142857E+00  0.5221040283118181E+01
  0.7142857142857142E+00  0.3061224489795918E+00  0.5399799044469361E+01
  0.7142857142857142E+00  0.3265306122448979E+00  0.5558528058175439E+01
  0.7142857142857142E+00  0.3469387755102041E+00  0.5697922679602882E+01
  0.7142857142857142E+00  0.3673469387755102E+00  0.5818592661502120E+01
  0.7142857142857142E+00  0.3877551020408163E+00  0.5921065007656517E+01
  0.7142857142857142E+00  0.4081632653061224E+00  0.6005786539520312E+01
  0.7142857142857142E+00  0.4285714285714285E+00  0.6073126135157615E+01
  0.7142857142857142E+00  0.4489795918367346E+00  0.6123376615239535E+01
  0.7142857142857142E+00  0.4693877551020408E+00  0.6156756261343522E+01
  0.7142857142857142E+00  0.4897959183673469E+00  0.6173409958568922E+01
  0.7142857142857142E+00  0.5102040816326531E+00  0.6173409958568922E+01
  0.7142857142857142E+00  0.5306122448979591E+00  0.6156756261343519E+01
  0.7142857142857142E+00  0.5510204081632653E+00  0.6123376615239537E+01
  0.7142857142857142E+00  0.5714285714285714E+00  0.6073126135157612E+01
  0.7142857142857142E+00  0.5918367346938775E+00  0.6005786539520304E+01
  0.7142857142857142E+00  0.6122448979591836E+00  0.5921065007656505E+01
  0.7142857142857142E+00  0.6326530612244897E+00  0.5818592661502112E+01
  0.7142857142857142E+00  0.6530612244897959E+00  0.5697922679602870E+01
  0.7142857142857142E+00  0.6734693877551020E+00  0.5558528058175424E+01
  0.7142857142857142E+00  0.6938775510204082E+00  0.5399799044469339E+01
  0.7142857142857142E+00  0.7142857142857142E+00  0.5221040283118143E+01
  0.7142857142857142E+00  0.7346938775510203E+00  0.5021467738010768E+01
  0.7142857142857142E+00  0.7551020408163265E+00  0.4800205482014976E+01
  0.7142857142857142E+00  0.7755102040816326E+00  0.4556282486126864E+01
  0.7142857142857142E+00  0.7959183673469387E+00  0.4288629589353774E+01
  0.7142857142857142E+00  0.8163265306122448E+00  0.3996076890862208E+01
  0.7142857142857142E+00  0.8367346938775510E+00  0.3677351874675159E+01
  0.7142857142857142E+00  0.8571428571428571E+00  0.3331078649339238E+01
  0.7142857142857142E+00  0.8775510204081632E+00  0.2955778750791195E+01
  0.7142857142857142E+00  0.8979591836734693E+00  0.2549874000744377E+01
  0.7142857142857142E+00  0.9183673469387754E+00  0.2111691914161850E+01
  0.7142857142857142E+00  0.9387755102040816E+00  0.1639474083180382E+01
  0.7142857142857142E+00  0.9591836734693877E+00  0.1131387809008457E+01
  0.7142857142857142E+00  0.9795918367346939E+00  0.5855409981435633E+00
  0.7142857142857142E+00  0.9999999999999999E+00 -0.9540018307893249E-49
  0.7346938775510203E+00  0.0000000000000000E+00 -0.9540018307893249E-49
  0.7346938775510203E+00  0.2040816326530612E-01  0.5679300904704661E+00
  0.7346938775510203E+00  0.4081632653061224E-01  0.1096299596836785E+01
  0.7346938775510203E+00  0.6122448979591837E-01  0.1587171073652518E+01
  0.7346938775510203E+00  0.8163265306122448E-01  0.2042556668269905E+01
  0.7346938775510203E+00  0.1020408163265306E+00  0.2464397094031821E+01
  0.7346938775510203E+00  0.1224489795918367E+00  0.2854544709269363E+01
  0.7346938775510203E+00  0.1428571428571428E+00  0.3214751017893192E+01
  0.7346938775510203E+00  0.1632653061224490E+00  0.3546658413969016E+01
  0.7346938775510203E+00  0.1836734693877551E+00  0.3851795657532425E+01
  0.7346938775510203E+00  0.2040816326530612E+00  0.4131576397902552E+01
  0.7346938775510203E+00  0.2244897959183673E+00  0.4387300022277357E+01
  0.7346938775510203E+00  0.2448979591836735E+00  0.4620154156987248E+01
  0.7346938775510203E+00  0.2653061224489796E+00  0.4831218245272615E+01
  0.7346938775510203E+00  0.2857142857142857E+00  0.5021467738010801E+01
  0.7346938775510203E+00  0.3061224489795918E+00  0.5191778542919118E+01
  0.7346938775510203E+00  0.3265306122448979E+00  0.5342931473136108E+01
  0.7346938775510203E+00  0.3469387755102041E+00  0.5475616513881572E+01
  0.7346938775510203E+00  0.3673469387755102E+00  0.5590436786117048E+01
  0.7346938775510203E+00  0.3877551020408163E+00  0.5687912130736605E+01
  0.7346938775510203E+00  0.4081632653061224E+00  0.5768482268519151E+01
  0.7346938775510203E+00  0.4285714285714285E+00  0.5832509512619617E+01
  0.7346938775510203E+00  0.4489795918367346E+00  0.5880281024225003E+01
  0.7346938775510203E+00  0.4693877551020408E+00  0.5912010610189403E+01
  0.7346938775510203E+00  0.4897959183673469E+00  0.5927840065604669E+01
  0.7346938775510203E+00  0.5102040816326531E+00  0.5927840065604669E+01
  0.7346938775510203E+00  0.5306122448979591E+00  0.5912010610189400E+01
  0.7346938775510203E+00  0.5510204081632653E+00  0.5880281024225003E+01
  0.7346938775510203E+00  0.5714285714285714E+00  0.5832509512619612E+01
  0.7346938775510203E+00  0.5918367346938775E+00  0.5768482268519146E+01
  0.7346938775510203E+00  0.6122448979591836E+00  0.5687912130736590E+01
  0.7346938775510203E+00  0.6326530612244897E+00  0.5590436786117033E+01
  0.7346938775510203E+00  0.6530612244897959E+00  0.5475616513881561E+01
  0.7346938775510203E+00  0.6734693877551020E+00  0.5342931473136094E+01
  0.7346938775510203E+00  0.6938775510204082E+00  0.5191778542919103E+01
  0.7346938775510203E+00  0.7142857142857142E+00  0.5021467738010777E+01
  0.7346938775510203E+00  0.7346938775510203E+00  0.4831218245272586E+01
  0.7346938775510203E+00  0.7551020408163265E+00  0.4620154156987218E+01
  0.7346938775510203E+00  0.7755102040816326E+00  0.4387300022277322E+01
  0.7346938775510203E+00  0.7959183673469387E+00  0.4131576397902514E+01
  0.7346938775510203E+00  0.8163265306122448E+00  0.3851795657532384E+01
  0.7346938775510203E+00  0.8367346938775510E+00  0.3546658413968961E+01
  0.7346938775510203E+00  0.8571428571428571E+00  0.3214751017893163E+01
  0.7346938775510203E+00  0.8775510204081632E+00  0.2854544709269363E+01
  0.7346938775510203E+00  0.8979591836734693E+00  0.2464397094031861E+01
  0.7346938775510203E+00  0.9183673469387754E+00  0.2042556668269979E+01
  0.7346938775510203E+00  0.9387755102040816E+00  0.1587171073652604E+01
  0.7346938775510203E+00  0.9591836734693877E+00  0.1096299596836882E+01
  0.7346938775510203E+00  0.9795918367346939E+00  0.5679300904705109E+00
  0.7346938775510203E+00  0.9999999999999999E+00 -0.9540018307893249E-49
  0.7551020408163265E+00  0.0000000000000000E+00 -0.9540018307893249E-49
  0.7551020408163265E+00  0.2040816326530612E-01  0.5482328195049757E+00
  0.7551020408163265E+00  0.4081632653061224E-01  0.1057064667441955E+01
  0.7551020408163265E+00  0.6122448979591837E-01  0.1528711243995199E+01
  0.7551020408163265E+00  0.8163265306122448E-01  0.1965325785555307E+01
  0.7551020408163265E+00  0.1020408163265306E+00  0.2368973949101882E+01
  0.7551020408163265E+00  0.1224489795918367E+00  0.2741614550557428E+01
  0.7551020408163265E+00  0.1428571428571428E+00  0.3085086375425848E+01
  0.7551020408163265E+00  0.1632653061224490E+00  0.3401100564577438E+01
  0.7551020408163265E+00  0.1836734693877551E+00  0.3691237657073754E+01
  0.7551020408163265E+00  0.2040816326530612E+00  0.3956948217392040E+01
  0.7551020408163265E+00  0.2244897959183673E+00  0.4199556008109479E+01
  0.7551020408163265E+00  0.2448979591836735E+00  0.4420262808222239E+01
  0.7551020408163265E+00  0.2653061224489796E+00  0.4620154156987247E+01
  0.7551020408163265E+00  0.2857142857142857E+00  0.4800205482015013E+01
  0.7551020408163265E+00  0.3061224489795918E+00  0.4961288226674709E+01
  0.7551020408163265E+00  0.3265306122448979E+00  0.5104175717724384E+01
  0.7551020408163265E+00  0.3469387755102041E+00  0.5229548609450409E+01
  0.7551020408163265E+00  0.3673469387755102E+00  0.5337999809346573E+01
  0.7551020408163265E+00  0.3877551020408163E+00  0.5430038837630511E+01
  0.7551020408163265E+00  0.4081632653061224E+00  0.5506095603745964E+01
  0.7551020408163265E+00  0.4285714285714285E+00  0.5566523601791670E+01
  0.7551020408163265E+00  0.4489795918367346E+00  0.5611602537031489E+01
  0.7551020408163265E+00  0.4693877551020408E+00  0.5641540399915977E+01
  0.7551020408163265E+00  0.4897959183673469E+00  0.5656475004315849E+01
  0.7551020408163265E+00  0.5102040816326531E+00  0.5656475004315849E+01
  0.7551020408163265E+00  0.5306122448979591E+00  0.5641540399915979E+01
  0.7551020408163265E+00  0.5510204081632653E+00  0.5611602537031489E+01
  0.7551020408163265E+00  0.5714285714285714E+00  0.5566523601791664E+01
  0.7551020408163265E+00  0.5918367346938775E+00  0.5506095603745966E+01
  0.7551020408163265E+00  0.6122448979591836E+00  0.5430038837630507E+01
  0.7551020408163265E+00  0.6326530612244897E+00  0.5337999809346567E+01
  0.7551020408163265E+00  0.6530612244897959E+00  0.5229548609450403E+01
  0.7551020408163265E+00  0.6734693877551020E+00  0.5104175717724369E+01
  0.7551020408163265E+00  0.6938775510204082E+00  0.4961288226674696E+01
  0.7551020408163265E+00  0.7142857142857142E+00  0.4800205482014991E+01
  0.7551020408163265E+00  0.7346938775510203E+00  0.4620154156987224E+01
  0.7551020408163265E+00  0.7551020408163265E+00  0.4420262808222213E+01
  0.7551020408163265E+00  0.7755102040816326E+00  0.4199556008109447E+01
  0.7551020408163265E+00  0.7959183673469387E+00  0.3956948217392003E+01
  0.7551020408163265E+00  0.8163265306122448E+00  0.3691237657073716E+01
  0.7551020408163265E+00  0.8367346938775510E+00  0.3401100564577393E+01
  0.7551020408163265E+00  0.8571428571428571E+00  0.3085086375425820E+01
  0.7551020408163265E+00  0.8775510204081632E+00  0.2741614550557431E+01
  0.7551020408163265E+00  0.8979591836734693E+00  0.2368973949101918E+01
  0.7551020408163265E+00  0.9183673469387754E+00  0.1965325785555378E+01
  0.7551020408163265E+00  0.9387755102040816E+00  0.1528711243995290E+01
  0.7551020408163265E+00  0.9591836734693877E+00  0.1057064667442058E+01
  0.7551020408163265E+00  0.9795918367346939E+00  0.5482328195050227E+00
  0.7551020408163265E+00  0.9999999999999999E+00 -0.9540018307893249E-49
  0.7755102040816326E+00  0.0000000000000000E+00 -0.9540018307893249E-49
  0.7755102040816326E+00  0.2040816326530612E-01  0.5262894906731119E+00
  0.7755102040816326E+00  0.4081632653061224E-01  0.1013370099246234E+01
  0.7755102040816326E+00  0.6122448979591837E-01  0.1463640503521965E+01
  0.7755102040816326E+00  0.8163265306122448E-01  0.1879420153514683E+01
  0.7755102040816326E+00  0.1020408163265306E+00  0.2262918920090338E+01
  0.7755102040816326E+00  0.1224489795918367E+00  0.2616215274282484E+01
  0.7755102040816326E+00  0.1428571428571428E+00  0.2941242905061727E+01
  0.7755102040816326E+00  0.1632653061224490E+00  0.3239784664404911E+01
  0.7755102040816326E+00  0.1836734693877551E+00  0.3513472249757963E+01
  0.7755102040816326E+00  0.2040816326530612E+00  0.3763789974113435E+01
  0.7755102040816326E+00  0.2244897959183673E+00  0.3992081162622114E+01
  0.7755102040816326E+00  0.2448979591836735E+00  0.4199556008109479E+01
  0.7755102040816326E+00  0.2653061224489796E+00  0.4387300022277357E+01
  0.7755102040816326E+00  0.2857142857142857E+00  0.4556282486126896E+01
  0.7755102040816326E+00  0.3061224489795918E+00  0.4707364514678500E+01
  0.7755102040816326E+00  0.3265306122448979E+00  0.4841306507391056E+01
  0.7755102040816326E+00  0.3469387755102041E+00  0.4958774864773340E+01
  0.7755102040816326E+00  0.3673469387755102E+00  0.5060347923804358E+01
  0.7755102040816326E+00  0.3877551020408163E+00  0.5146521109645171E+01
  0.7755102040816326E+00  0.4081632653061224E+00  0.5217711326766008E+01
  0.7755102040816326E+00  0.4285714285714285E+00  0.5274260625171507E+01
  0.7755102040816326E+00  0.4489795918367346E+00  0.5316439181345912E+01
  0.7755102040816326E+00  0.4693877551020408E+00  0.5344447631968899E+01
  0.7755102040816326E+00  0.4897959183673469E+00  0.5358418793470229E+01
  0.7755102040816326E+00  0.5102040816326531E+00  0.5358418793470231E+01
  0.7755102040816326E+00  0.5306122448979591E+00  0.5344447631968901E+01
  0.7755102040816326E+00  0.5510204081632653E+00  0.5316439181345911E+01
  0.7755102040816326E+00  0.5714285714285714E+00  0.5274260625171504E+01
  0.7755102040816326E+00  0.5918367346938775E+00  0.5217711326766006E+01
  0.7755102040816326E+00  0.6122448979591836E+00  0.5146521109645160E+01
  0.7755102040816326E+00  0.6326530612244897E+00  0.5060347923804351E+01
  0.7755102040816326E+00  0.6530612244897959E+00  0.4958774864773339E+01
  0.7755102040816326E+00  0.6734693877551020E+00  0.4841306507391047E+01
  0.7755102040816326E+00  0.6938775510204082E+00  0.4707364514678494E+01
  0.7755102040816326E+00  0.7142857142857142E+00  0.4556282486126877E+01
  0.7755102040816326E+00  0.7346938775510203E+00  0.4387300022277334E+01
  0.7755102040816326E+00  0.7551020408163265E+00  0.4199556008109445E+01
  0.7755102040816326E+00  0.7755102040816326E+00  0.3992081162622077E+01
  0.7755102040816326E+00  0.7959183673469387E+00  0.3763789974113397E+01
  0.7755102040816326E+00  0.8163265306122448E+00  0.3513472249757927E+01
  0.7755102040816326E+00  0.8367346938775510E+00  0.3239784664404873E+01
  0.7755102040816326E+00  0.8571428571428571E+00  0.2941242905061708E+01
  0.7755102040816326E+00  0.8775510204081632E+00  0.2616215274282493E+01
  0.7755102040816326E+00  0.8979591836734693E+00  0.2262918920090379E+01
  0.7755102040816326E+00  0.9183673469387754E+00  0.1879420153514767E+01
  0.7755102040816326E+00  0.9387755102040816E+00  0.1463640503522062E+01
  0.7755102040816326E+00  0.9591836734693877E+00  0.1013370099246341E+01
  0.7755102040816326E+00  0.9795918367346939E+00  0.5262894906731588E+00
  0.7755102040816326E+00  0.9999999999999999E+00 -0.9540018307893249E-49
  0.7959183673469387E+00  0.0000000000000000E+00 -0.9540018307893249E-49
  0.7959183673469387E+00  0.2040816326530612E-01  0.5019079231144135E+00
  0.7959183673469387E+00  0.4081632653061224E-01  0.9648406431784050E+00
  0.7959183673469387E+00  0.6122448979591837E-01  0.1391417300507533E+01
  0.7959183673469387E+00  0.8163265306122448E-01  0.1784153919760554E+01
  0.7959183673469387E+00  0.1020408163265306E+00  0.2145426415577726E+01
  0.7959183673469387E+00  0.1224489795918367E+00  0.2477446304990936E+01
  0.7959183673469387E+00  0.1428571428571428E+00  0.2782248243421906E+01
  0.7959183673469387E+00  0.1632653061224490E+00  0.3061687118916639E+01
  0.7959183673469387E+00  0.1836734693877551E+00  0.3317442024023892E+01
  0.7959183673469387E+00  0.2040816326530612E+00  0.3551024629821860E+01
  0.7959183673469387E+00  0.2244897959183673E+00  0.3763789974113428E+01
  0.7959183673469387E+00  0.2448979591836735E+00  0.3956948217392035E+01
  0.7959183673469387E+00  0.2653061224489796E+00  0.4131576397902541E+01
  0.7959183673469387E+00  0.2857142857142857E+00  0.4288629589353807E+01
  0.7959183673469387E+00  0.3061224489795918E+00  0.4428951131584738E+01
  0.7959183673469387E+00  0.3265306122448979E+00  0.4553281783310552E+01
  0.7959183673469387E+00  0.3469387755102041E+00  0.4662267758617754E+01
  0.7959183673469387E+00  0.3673469387755102E+00  0.4756467674667360E+01
  0.7959183673469387E+00  0.3877551020408163E+00  0.4836358472500208E+01
  0.7959183673469387E+00  0.4081632653061224E+00  0.4902340387124159E+01
  0.7959183673469387E+00  0.4285714285714285E+00  0.4954741044929172E+01
  0.7959183673469387E+00  0.4489795918367346E+00  0.4993818761029238E+01
  0.7959183673469387E+00  0.4693877551020408E+00  0.5019765099614267E+01
  0.7959183673469387E+00  0.4897959183673469E+00  0.5032706748785648E+01
  0.7959183673469387E+00  0.5102040816326531E+00  0.5032706748785648E+01
  0.7959183673469387E+00  0.5306122448979591E+00  0.5019765099614269E+01
  0.7959183673469387E+00  0.5510204081632653E+00  0.4993818761029232E+01
  0.7959183673469387E+00  0.5714285714285714E+00  0.4954741044929169E+01
  0.7959183673469387E+00  0.5918367346938775E+00  0.4902340387124164E+01
  0.7959183673469387E+00  0.6122448979591836E+00  0.4836358472500198E+01
  0.7959183673469387E+00  0.6326530612244897E+00  0.4756467674667354E+01
  0.7959183673469387E+00  0.6530612244897959E+00  0.4662267758617750E+01
  0.7959183673469387E+00  0.6734693877551020E+00  0.4553281783310553E+01
  0.7959183673469387E+00  0.6938775510204082E+00  0.4428951131584737E+01
  0.7959183673469387E+00  0.7142857142857142E+00  0.4288629589353797E+01
  0.7959183673469387E+00  0.7346938775510203E+00  0.4131576397902522E+01
  0.7959183673469387E+00  0.7551020408163265E+00  0.3956948217392008E+01
  0.7959183673469387E+00  0.7755102040816326E+00  0.3763789974113388E+01
  0.7959183673469387E+00  0.7959183673469387E+00  0.3551024629821823E+01
  0.7959183673469387E+00  0.8163265306122448E+00  0.3317442024023858E+01
  0.7959183673469387E+00  0.8367346938775510E+00  0.3061687118916610E+01
  0.7959183673469387E+00  0.8571428571428571E+00  0.2782248243421888E+01
  0.7959183673469387E+00  0.8775510204081632E+00  0.2477446304990950E+01
  0.7959183673469387E+00  0.8979591836734693E+00  0.2145426415577766E+01
  0.7959183673469387E+00  0.9183673469387754E+00  0.1784153919760637E+01
  0.7959183673469387E+00  0.9387755102040816E+00  0.1391417300507628E+01
  0.7959183673469387E+00  0.9591836734693877E+00  0.9648406431785104E+00
  0.7959183673469387E+00  0.9795918367346939E+00  0.5019079231144635E+00
  0.7959183673469387E+00  0.9999999999999999E+00 -0.9540018307893249E-49
  0.8163265306122448E+00  0.0000000000000000E+00 -0.9540018307893249E-49
  0.8163265306122448E+00  0.2040816326530612E-01  0.4748543362317678E+00
  0.8163265306122448E+00  0.4081632653061224E-01  0.9110219555540847E+00
  0.8163265306122448E+00  0.6122448979591837E-01  0.1311390617940313E+01
  0.8163265306122448E+00  0.8163265306122448E-01  0.1678709927534381E+01
  0.8163265306122448E+00  0.1020408163265306E+00  0.2015546140236329E+01
  0.8163265306122448E+00  0.1224489795918367E+00  0.2324256292288884E+01
  0.8163265306122448E+00  0.1428571428571428E+00  0.2606978919804715E+01
  0.8163265306122448E+00  0.1632653061224490E+00  0.2865636982745955E+01
  0.8163265306122448E+00  0.1836734693877551E+00  0.3101948601730818E+01
  0.8163265306122448E+00  0.2040816326530612E+00  0.3317442024023890E+01
  0.8163265306122448E+00  0.2244897959183673E+00  0.3513472249757957E+01
  0.8163265306122448E+00  0.2448979591836735E+00  0.3691237657073748E+01
  0.8163265306122448E+00  0.2653061224489796E+00  0.3851795657532413E+01
  0.8163265306122448E+00  0.2857142857142857E+00  0.3996076890862237E+01
  0.8163265306122448E+00  0.3061224489795918E+00  0.4124897772486847E+01
  0.8163265306122448E+00  0.3265306122448979E+00  0.4238971386968050E+01
  0.8163265306122448E+00  0.3469387755102041E+00  0.4338916816958247E+01
  0.8163265306122448E+00  0.3673469387755102E+00  0.4425267041321765E+01
  0.8163265306122448E+00  0.3877551020408163E+00  0.4498475548878479E+01
  0.8163265306122448E+00  0.4081632653061224E+00  0.4558921809425732E+01
  0.8163265306122448E+00  0.4285714285714285E+00  0.4606915729761385E+01
  0.8163265306122448E+00  0.4489795918367346E+00  0.4642701204353222E+01
  0.8163265306122448E+00  0.4693877551020408E+00  0.4666458850863623E+01
  0.8163265306122448E+00  0.4897959183673469E+00  0.4678308001363847E+01
  0.8163265306122448E+00  0.5102040816326531E+00  0.4678308001363849E+01
  0.8163265306122448E+00  0.5306122448979591E+00  0.4666458850863622E+01
  0.8163265306122448E+00  0.5510204081632653E+00  0.4642701204353222E+01
  0.8163265306122448E+00  0.5714285714285714E+00  0.4606915729761380E+01
  0.8163265306122448E+00  0.5918367346938775E+00  0.4558921809425740E+01
  0.8163265306122448E+00  0.6122448979591836E+00  0.4498475548878477E+01
  0.8163265306122448E+00  0.6326530612244897E+00  0.4425267041321764E+01
  0.8163265306122448E+00  0.6530612244897959E+00  0.4338916816958246E+01
  0.8163265306122448E+00  0.6734693877551020E+00  0.4238971386968051E+01
  0.8163265306122448E+00  0.6938775510204082E+00  0.4124897772486841E+01
  0.8163265306122448E+00  0.7142857142857142E+00  0.3996076890862235E+01
  0.8163265306122448E+00  0.7346938775510203E+00  0.3851795657532400E+01
  0.8163265306122448E+00  0.7551020408163265E+00  0.3691237657073725E+01
  0.8163265306122448E+00  0.7755102040816326E+00  0.3513472249757929E+01
  0.8163265306122448E+00  0.7959183673469387E+00  0.3317442024023861E+01
  0.8163265306122448E+00  0.8163265306122448E+00  0.3101948601730790E+01
  0.8163265306122448E+00  0.8367346938775510E+00  0.2865636982745934E+01
  0.8163265306122448E+00  0.8571428571428571E+00  0.2606978919804711E+01
  0.8163265306122448E+00  0.8775510204081632E+00  0.2324256292288907E+01
  0.8163265306122448E+00  0.8979591836734693E+00  0.2015546140236376E+01
  0.8163265306122448E+00  0.9183673469387754E+00  0.1678709927534454E+01
  0.8163265306122448E+00  0.9387755102040816E+00  0.1311390617940399E+01
  0.8163265306122448E+00  0.9591836734693877E+00  0.9110219555541802E+00
  0.8163265306122448E+00  0.9795918367346939E+00  0.4748543362318125E+00
  0.8163265306122448E+00  0.9999999999999999E+00 -0.9540018307893249E-49
  0.8367346938775510E+00  0.0000000000000000E+00 -0.9540018307893249E-49
  0.8367346938775510E+00  0.2040816326530612E-01  0.4448401312078745E+00
  0.8367346938775510E+00  0.4081632653061224E-01  0.8513567064233670E+00
  0.8367346938775510E+00  0.6122448979591837E-01  0.1222769437230724E+01
  0.8367346938775510E+00  0.8163265306122448E-01  0.1562106711125426E+01
  0.8367346938775510E+00  0.1020408163265306E+00  0.1872151007369151E+01
  0.8367346938775510E+00  0.1224489795918367E+00  0.2155414171704961E+01
  0.8367346938775510E+00  0.1428571428571428E+00  0.2414135705863820E+01
  0.8367346938775510E+00  0.1632653061224490E+00  0.2650295912926388E+01
  0.8367346938775510E+00  0.1836734693877551E+00  0.2865636982745954E+01
  0.8367346938775510E+00  0.2040816326530612E+00  0.3061687118916631E+01
  0.8367346938775510E+00  0.2244897959183673E+00  0.3239784664404898E+01
  0.8367346938775510E+00  0.2448979591836735E+00  0.3401100564577421E+01
  0.8367346938775510E+00  0.2653061224489796E+00  0.3546658413968992E+01
  0.8367346938775510E+00  0.2857142857142857E+00  0.3677351874675189E+01
  0.8367346938775510E+00  0.3061224489795918E+00  0.3793959547661782E+01
  0.8367346938775510E+00  0.3265306122448979E+00  0.3897157517354743E+01
  0.8367346938775510E+00  0.3469387755102041E+00  0.3987529839429456E+01
  0.8367346938775510E+00  0.3673469387755102E+00  0.4065577242929760E+01
  0.8367346938775510E+00  0.3877551020408163E+00  0.4131724295321392E+01
  0.8367346938775510E+00  0.4081632653061224E+00  0.4186325246748638E+01
  0.8367346938775510E+00  0.4285714285714285E+00  0.4229668735038486E+01
  0.8367346938775510E+00  0.4489795918367346E+00  0.4261981499503760E+01
  0.8367346938775510E+00  0.4693877551020408E+00  0.4283431220817270E+01
  0.8367346938775510E+00  0.4897959183673469E+00  0.4294128576487264E+01
  0.8367346938775510E+00  0.5102040816326531E+00  0.4294128576487257E+01
  0.8367346938775510E+00  0.5306122448979591E+00  0.4283431220817278E+01
  0.8367346938775510E+00  0.5510204081632653E+00  0.4261981499503761E+01
  0.8367346938775510E+00  0.5714285714285714E+00  0.4229668735038489E+01
  0.8367346938775510E+00  0.5918367346938775E+00  0.4186325246748640E+01
  0.8367346938775510E+00  0.6122448979591836E+00  0.4131724295321391E+01
  0.8367346938775510E+00  0.6326530612244897E+00  0.4065577242929759E+01
  0.8367346938775510E+00  0.6530612244897959E+00  0.3987529839429456E+01
  0.8367346938775510E+00  0.6734693877551020E+00  0.3897157517354743E+01
  0.8367346938775510E+00  0.6938775510204082E+00  0.3793959547661781E+01
  0.8367346938775510E+00  0.7142857142857142E+00  0.3677351874675191E+01
  0.8367346938775510E+00  0.7346938775510203E+00  0.3546658413968986E+01
  0.8367346938775510E+00  0.7551020408163265E+00  0.3401100564577403E+01
  0.8367346938775510E+00  0.7755102040816326E+00  0.3239784664404877E+01
  0.8367346938775510E+00  0.7959183673469387E+00  0.3061687118916613E+01
  0.8367346938775510E+00  0.8163265306122448E+00  0.2865636982745934E+01
  0.8367346938775510E+00  0.8367346938775510E+00  0.2650295912926371E+01
  0.8367346938775510E+00  0.8571428571428571E+00  0.2414135705863828E+01
  0.8367346938775510E+00  0.8775510204081632E+00  0.2155414171704988E+01
  0.8367346938775510E+00  0.8979591836734693E+00  0.1872151007369188E+01
  0.8367346938775510E+00  0.9183673469387754E+00  0.1562106711125494E+01
  0.8367346938775510E+00  0.9387755102040816E+00  0.1222769437230802E+01
  0.8367346938775510E+00  0.9591836734693877E+00  0.8513567064234416E+00
  0.8367346938775510E+00  0.9795918367346939E+00  0.4448401312079078E+00
  0.8367346938775510E+00  0.9999999999999999E+00 -0.9540018307893249E-49
  0.8571428571428571E+00  0.0000000000000000E+00 -0.9540018307893249E-49
  0.8571428571428571E+00  0.2040816326530612E-01  0.4115020221185875E+00
  0.8571428571428571E+00  0.4081632653061224E-01  0.7851495347566323E+00
  0.8571428571428571E+00  0.6122448979591837E-01  0.1124579493398147E+01
  0.8571428571428571E+00  0.8163265306122448E-01  0.1433153665648202E+01
  0.8571428571428571E+00  0.1020408163265306E+00  0.1713895491003811E+01
  0.8571428571428571E+00  0.1224489795918367E+00  0.1969473345663560E+01
  0.8571428571428571E+00  0.1428571428571428E+00  0.2202214560942194E+01
  0.8571428571428571E+00  0.1632653061224490E+00  0.2414135705863832E+01
  0.8571428571428571E+00  0.1836734693877551E+00  0.2606978919804718E+01
  0.8571428571428571E+00  0.2040816326530612E+00  0.2782248243421905E+01
  0.8571428571428571E+00  0.2244897959183673E+00  0.2941242905061721E+01
  0.8571428571428571E+00  0.2448979591836735E+00  0.3085086375425837E+01
  0.8571428571428571E+00  0.2653061224489796E+00  0.3214751017893176E+01
  0.8571428571428571E+00  0.2857142857142857E+00  0.3331078649339263E+01
  0.8571428571428571E+00  0.3061224489795918E+00  0.3434797514924807E+01
  0.8571428571428571E+00  0.3265306122448979E+00  0.3526536213966579E+01
  0.8571428571428571E+00  0.3469387755102041E+00  0.3606835075476490E+01
  0.8571428571428571E+00  0.3673469387755102E+00  0.3676155415709917E+01
  0.8571428571428571E+00  0.3877551020408163E+00  0.3734887038290103E+01
  0.8571428571428571E+00  0.4081632653061224E+00  0.3783354270179566E+01
  0.8571428571428571E+00  0.4285714285714285E+00  0.3821820767633451E+01
  0.8571428571428571E+00  0.4489795918367346E+00  0.3850493275879781E+01
  0.8571428571428571E+00  0.4693877551020408E+00  0.3869524483824780E+01
  0.8571428571428571E+00  0.4897959183673469E+00  0.3879015079244757E+01
  0.8571428571428571E+00  0.5102040816326531E+00  0.3879015079244758E+01
  0.8571428571428571E+00  0.5306122448979591E+00  0.3869524483824782E+01
  0.8571428571428571E+00  0.5510204081632653E+00  0.3850493275879787E+01
  0.8571428571428571E+00  0.5714285714285714E+00  0.3821820767633447E+01
  0.8571428571428571E+00  0.5918367346938775E+00  0.3783354270179565E+01
  0.8571428571428571E+00  0.6122448979591836E+00  0.3734887038290100E+01
  0.8571428571428571E+00  0.6326530612244897E+00  0.3676155415709918E+01
  0.8571428571428571E+00  0.6530612244897959E+00  0.3606835075476491E+01
  0.8571428571428571E+00  0.6734693877551020E+00  0.3526536213966581E+01
  0.8571428571428571E+00  0.6938775510204082E+00  0.3434797514924801E+01
  0.8571428571428571E+00  0.7142857142857142E+00  0.3331078649339259E+01
  0.8571428571428571E+00  0.7346938775510203E+00  0.3214751017893176E+01
  0.8571428571428571E+00  0.7551020408163265E+00  0.3085086375425819E+01
  0.8571428571428571E+00  0.7755102040816326E+00  0.2941242905061706E+01
  0.8571428571428571E+00  0.7959183673469387E+00  0.2782248243421894E+01
  0.8571428571428571E+00  0.8163265306122448E+00  0.2606978919804713E+01
  0.8571428571428571E+00  0.8367346938775510E+00  0.2414135705863822E+01
  0.8571428571428571E+00  0.8571428571428571E+00  0.2202214560942218E+01
  0.8571428571428571E+00  0.8775510204081632E+00  0.1969473345663603E+01
  0.8571428571428571E+00  0.8979591836734693E+00  0.1713895491003871E+01
  0.8571428571428571E+00  0.9183673469387754E+00  0.1433153665648280E+01
  0.8571428571428571E+00  0.9387755102040816E+00  0.1124579493398213E+01
  0.8571428571428571E+00  0.9591836734693877E+00  0.7851495347567101E+00
  0.8571428571428571E+00  0.9795918367346939E+00  0.4115020221185889E+00
  0.8571428571428571E+00  0.9999999999999999E+00 -0.9540018307893249E-49
  0.8775510204081632E+00  0.0000000000000000E+00 -0.9540018307893249E-49
  0.8775510204081632E+00  0.2040816326530612E-01  0.3743708236010592E+00
  0.8775510204081632E+00  0.4081632653061224E-01  0.7115138743939666E+00
  0.8775510204081632E+00  0.6122448979591837E-01  0.1015600706966995E+01
  0.8775510204081632E+00  0.8163265306122448E-01  0.1290389623265574E+01
  0.8775510204081632E+00  0.1020408163265306E+00  0.1539161770804954E+01
  0.8775510204081632E+00  0.1224489795918367E+00  0.1764728048938075E+01
  0.8775510204081632E+00  0.1428571428571428E+00  0.1969473345663563E+01
  0.8775510204081632E+00  0.1632653061224490E+00  0.2155414171704966E+01
  0.8775510204081632E+00  0.1836734693877551E+00  0.2324256292288889E+01
  0.8775510204081632E+00  0.2040816326530612E+00  0.2477446304990934E+01
  0.8775510204081632E+00  0.2244897959183673E+00  0.2616215274282473E+01
  0.8775510204081632E+00  0.2448979591836735E+00  0.2741614550557414E+01
  0.8775510204081632E+00  0.2653061224489796E+00  0.2854544709269343E+01
  0.8775510204081632E+00  0.2857142857142857E+00  0.2955778750791188E+01
  0.8775510204081632E+00  0.3061224489795918E+00  0.3045980641640847E+01
  0.8775510204081632E+00  0.3265306122448979E+00  0.3125720123104901E+01
  0.8775510204081632E+00  0.3469387755102041E+00  0.3195484542233869E+01
  0.8775510204081632E+00  0.3673469387755102E+00  0.3255688304291617E+01
  0.8775510204081632E+00  0.3877551020408163E+00  0.3306680414711008E+01
  0.8775510204081632E+00  0.4081632653061224E+00  0.3348750472670251E+01
  0.8775510204081632E+00  0.4285714285714285E+00  0.3382133394270448E+01
  0.8775510204081632E+00  0.4489795918367346E+00  0.3407013076810674E+01
  0.8775510204081632E+00  0.4693877551020408E+00  0.3423525162874501E+01
  0.8775510204081632E+00  0.4897959183673469E+00  0.3431759020467092E+01
  0.8775510204081632E+00  0.5102040816326531E+00  0.3431759020467089E+01
  0.8775510204081632E+00  0.5306122448979591E+00  0.3423525162874506E+01
  0.8775510204081632E+00  0.5510204081632653E+00  0.3407013076810679E+01
  0.8775510204081632E+00  0.5714285714285714E+00  0.3382133394270448E+01
  0.8775510204081632E+00  0.5918367346938775E+00  0.3348750472670247E+01
  0.8775510204081632E+00  0.6122448979591836E+00  0.3306680414711009E+01
  0.8775510204081632E+00  0.6326530612244897E+00  0.3255688304291619E+01
  0.8775510204081632E+00  0.6530612244897959E+00  0.3195484542233872E+01
  0.8775510204081632E+00  0.6734693877551020E+00  0.3125720123104900E+01
  0.8775510204081632E+00  0.6938775510204082E+00  0.3045980641640840E+01
  0.8775510204081632E+00  0.7142857142857142E+00  0.2955778750791183E+01
  0.8775510204081632E+00  0.7346938775510203E+00  0.2854544709269339E+01
  0.8775510204081632E+00  0.7551020408163265E+00  0.2741614550557403E+01
  0.8775510204081632E+00  0.7755102040816326E+00  0.2616215274282463E+01
  0.8775510204081632E+00  0.7959183673469387E+00  0.2477446304990923E+01
  0.8775510204081632E+00  0.8163265306122448E+00  0.2324256292288889E+01
  0.8775510204081632E+00  0.8367346938775510E+00  0.2155414171704983E+01
  0.8775510204081632E+00  0.8571428571428571E+00  0.1969473345663596E+01
  0.8775510204081632E+00  0.8775510204081632E+00  0.1764728048938131E+01
  0.8775510204081632E+00  0.8979591836734693E+00  0.1539161770805036E+01
  0.8775510204081632E+00  0.9183673469387754E+00  0.1290389623265647E+01
  0.8775510204081632E+00  0.9387755102040816E+00  0.1015600706967047E+01
  0.8775510204081632E+00  0.9591836734693877E+00  0.7115138743939978E+00
  0.8775510204081632E+00  0.9795918367346939E+00  0.3743708236010908E+00
  0.8775510204081632E+00  0.9999999999999999E+00 -0.9540018307893249E-49
  0.8979591836734693E+00  0.0000000000000000E+00 -0.9540018307893249E-49
  0.8979591836734693E+00  0.2040816326530612E-01  0.3328196443341601E+00
  0.8979591836734693E+00  0.4081632653061224E-01  0.6292880828712416E+00
  0.8979591836734693E+00  0.6122448979591837E-01  0.8942747539311275E+00
  0.8979591836734693E+00  0.8163265306122448E-01  0.1131998411239958E+01
  0.8979591836734693E+00  0.1020408163265306E+00  0.1345991017729003E+01
  0.8979591836734693E+00  0.1224489795918367E+00  0.1539161770804960E+01
  0.8979591836734693E+00  0.1428571428571428E+00  0.1713895491003815E+01
  0.8979591836734693E+00  0.1632653061224490E+00  0.1872151007369152E+01
  0.8979591836734693E+00  0.1836734693877551E+00  0.2015546140236334E+01
  0.8979591836734693E+00  0.2040816326530612E+00  0.2145426415577727E+01
  0.8979591836734693E+00  0.2244897959183673E+00  0.2262918920090328E+01
  0.8979591836734693E+00  0.2448979591836735E+00  0.2368973949101866E+01
  0.8979591836734693E+00  0.2653061224489796E+00  0.2464397094031805E+01
  0.8979591836734693E+00  0.2857142857142857E+00  0.2549874000744328E+01
  0.8979591836734693E+00  0.3061224489795918E+00  0.2625989551256215E+01
  0.8979591836734693E+00  0.3265306122448979E+00  0.2693242800201484E+01
  0.8979591836734693E+00  0.3469387755102041E+00  0.2752058662249663E+01
  0.8979591836734693E+00  0.3673469387755102E+00  0.2802797091443400E+01
  0.8979591836734693E+00  0.3877551020408163E+00  0.2845760302902419E+01
  0.8979591836734693E+00  0.4081632653061224E+00  0.2881198446049230E+01
  0.8979591836734693E+00  0.4285714285714285E+00  0.2909314033534248E+01
  0.8979591836734693E+00  0.4489795918367346E+00  0.2930265351406959E+01
  0.8979591836734693E+00  0.4693877551020408E+00  0.2944169016356164E+01
  0.8979591836734693E+00  0.4897959183673469E+00  0.2951101799536172E+01
  0.8979591836734693E+00  0.5102040816326531E+00  0.2951101799536170E+01
  0.8979591836734693E+00  0.5306122448979591E+00  0.2944169016356160E+01
  0.8979591836734693E+00  0.5510204081632653E+00  0.2930265351406966E+01
  0.8979591836734693E+00  0.5714285714285714E+00  0.2909314033534248E+01
  0.8979591836734693E+00  0.5918367346938775E+00  0.2881198446049232E+01
  0.8979591836734693E+00  0.6122448979591836E+00  0.2845760302902426E+01
  0.8979591836734693E+00  0.6326530612244897E+00  0.2802797091443400E+01
  0.8979591836734693E+00  0.6530612244897959E+00  0.2752058662249662E+01
  0.8979591836734693E+00  0.6734693877551020E+00  0.2693242800201479E+01
  0.8979591836734693E+00  0.6938775510204082E+00  0.2625989551256209E+01
  0.8979591836734693E+00  0.7142857142857142E+00  0.2549874000744330E+01
  0.8979591836734693E+00  0.7346938775510203E+00  0.2464397094031802E+01
  0.8979591836734693E+00  0.7551020408163265E+00  0.2368973949101861E+01
  0.8979591836734693E+00  0.7755102040816326E+00  0.2262918920090309E+01
  0.8979591836734693E+00  0.7959183673469387E+00  0.2145426415577715E+01
  0.8979591836734693E+00  0.8163265306122448E+00  0.2015546140236331E+01
  0.8979591836734693E+00  0.8367346938775510E+00  0.1872151007369169E+01
  0.8979591836734693E+00  0.8571428571428571E+00  0.1713895491003852E+01
  0.8979591836734693E+00  0.8775510204081632E+00  0.1539161770805034E+01
  0.8979591836734693E+00  0.8979591836734693E+00  0.1345991017729113E+01
  0.8979591836734693E+00  0.9183673469387754E+00  0.1131998411239990E+01
  0.8979591836734693E+00  0.9387755102040816E+00  0.8942747539311600E+00
  0.8979591836734693E+00  0.9591836734693877E+00  0.6292880828712655E+00
  0.8979591836734693E+00  0.9795918367346939E+00  0.3328196443341642E+00
  0.8979591836734693E+00  0.9999999999999999E+00 -0.9540018307893249E-49
  0.9183673469387754E+00  0.0000000000000000E+00 -0.9540018307893249E-49
  0.9183673469387754E+00  0.2040816326530612E-01  0.2859717442489331E+00
  0.9183673469387754E+00  0.4081632653061224E-01  0.5368973669810054E+00
  0.9183673469387754E+00  0.6122448979591837E-01  0.7585662264528528E+00
  0.9183673469387754E+00  0.8163265306122448E-01  0.9556936519433759E+00
  0.9183673469387754E+00  0.1020408163265306E+00  0.1131998411239891E+01
  0.9183673469387754E+00  0.1224489795918367E+00  0.1290389623265559E+01
  0.9183673469387754E+00  0.1428571428571428E+00  0.1433153665648211E+01
  0.9183673469387754E+00  0.1632653061224490E+00  0.1562106711125451E+01
  0.9183673469387754E+00  0.1836734693877551E+00  0.1678709927534401E+01
  0.9183673469387754E+00  0.2040816326530612E+00  0.1784153919760567E+01
  0.9183673469387754E+00  0.2244897959183673E+00  0.1879420153514685E+01
  0.9183673469387754E+00  0.2448979591836735E+00  0.1965325785555291E+01
  0.9183673469387754E+00  0.2653061224489796E+00  0.2042556668269897E+01
  0.9183673469387754E+00  0.2857142857142857E+00  0.2111691914161757E+01
  0.9183673469387754E+00  0.3061224489795918E+00  0.2173222386717876E+01
  0.9183673469387754E+00  0.3265306122448979E+00  0.2227564768579999E+01
  0.9183673469387754E+00  0.3469387755102041E+00  0.2275072364468773E+01
  0.9183673469387754E+00  0.3673469387755102E+00  0.2316043457000834E+01
  0.9183673469387754E+00  0.3877551020408163E+00  0.2350727799015805E+01
  0.9183673469387754E+00  0.4081632653061224E+00  0.2379331662297193E+01
  0.9183673469387754E+00  0.4285714285714285E+00  0.2402021746717030E+01
  0.9183673469387754E+00  0.4489795918367346E+00  0.2418928170494248E+01
  0.9183673469387754E+00  0.4693877551020408E+00  0.2430146701082297E+01
  0.9183673469387754E+00  0.4897959183673469E+00  0.2435740340135120E+01
  0.9183673469387754E+00  0.5102040816326531E+00  0.2435740340135119E+01
  0.9183673469387754E+00  0.5306122448979591E+00  0.2430146701082299E+01
  0.9183673469387754E+00  0.5510204081632653E+00  0.2418928170494252E+01
  0.9183673469387754E+00  0.5714285714285714E+00  0.2402021746717031E+01
  0.9183673469387754E+00  0.5918367346938775E+00  0.2379331662297196E+01
  0.9183673469387754E+00  0.6122448979591836E+00  0.2350727799015806E+01
  0.9183673469387754E+00  0.6326530612244897E+00  0.2316043457000836E+01
  0.9183673469387754E+00  0.6530612244897959E+00  0.2275072364468771E+01
  0.9183673469387754E+00  0.6734693877551020E+00  0.2227564768579998E+01
  0.9183673469387754E+00  0.6938775510204082E+00  0.2173222386717881E+01
  0.9183673469387754E+00  0.7142857142857142E+00  0.2111691914161755E+01
  0.9183673469387754E+00  0.7346938775510203E+00  0.2042556668269890E+01
  0.9183673469387754E+00  0.7551020408163265E+00  0.1965325785555285E+01
  0.9183673469387754E+00  0.7755102040816326E+00  0.1879420153514671E+01
  0.9183673469387754E+00  0.7959183673469387E+00  0.1784153919760548E+01
  0.9183673469387754E+00  0.8163265306122448E+00  0.1678709927534385E+01
  0.9183673469387754E+00  0.8367346938775510E+00  0.1562106711125457E+01
  0.9183673469387754E+00  0.8571428571428571E+00  0.1433153665648233E+01
  0.9183673469387754E+00  0.8775510204081632E+00  0.1290389623265632E+01
  0.9183673469387754E+00  0.8979591836734693E+00  0.1131998411240003E+01
  0.9183673469387754E+00  0.9183673469387754E+00  0.9556936519434319E+00
  0.9183673469387754E+00  0.9387755102040816E+00  0.7585662264528900E+00
  0.9183673469387754E+00  0.9591836734693877E+00  0.5368973669810158E+00
  0.9183673469387754E+00  0.9795918367346939E+00  0.2859717442489216E+00
  0.9183673469387754E+00  0.9999999999999999E+00 -0.9540018307893249E-49
  0.9387755102040816E+00  0.0000000000000000E+00 -0.9540018307893249E-49
  0.9387755102040816E+00  0.2040816326530612E-01  0.2325218439470010E+00
  0.9387755102040816E+00  0.4081632653061224E-01  0.4321163377053201E+00
  0.9387755102040816E+00  0.6122448979591837E-01  0.6057529795457699E+00
  0.9387755102040816E+00  0.8163265306122448E-01  0.7585662264528322E+00
  0.9387755102040816E+00  0.1020408163265306E+00  0.8942747539310822E+00
  0.9387755102040816E+00  0.1224489795918367E+00  0.1015600706966987E+01
  0.9387755102040816E+00  0.1428571428571428E+00  0.1124579493398156E+01
  0.9387755102040816E+00  0.1632653061224490E+00  0.1222769437230745E+01
  0.9387755102040816E+00  0.1836734693877551E+00  0.1311390617940327E+01
  0.9387755102040816E+00  0.2040816326530612E+00  0.1391417300507544E+01
  0.9387755102040816E+00  0.2244897959183673E+00  0.1463640503521972E+01
  0.9387755102040816E+00  0.2448979591836735E+00  0.1528711243995196E+01
  0.9387755102040816E+00  0.2653061224489796E+00  0.1587171073652513E+01
  0.9387755102040816E+00  0.2857142857142857E+00  0.1639474083180287E+01
  0.9387755102040816E+00  0.3061224489795918E+00  0.1686003051409078E+01
  0.9387755102040816E+00  0.3265306122448979E+00  0.1727081487799692E+01
  0.9387755102040816E+00  0.3469387755102041E+00  0.1762982732778271E+01
  0.9387755102040816E+00  0.3673469387755102E+00  0.1793936906450834E+01
  0.9387755102040816E+00  0.3877551020408163E+00  0.1820136251696146E+01
  0.9387755102040816E+00  0.4081632653061224E+00  0.1841739254373206E+01
  0.9387755102040816E+00  0.4285714285714285E+00  0.1858873812011566E+01
  0.9387755102040816E+00  0.4489795918367346E+00  0.1871639644653938E+01
  0.9387755102040816E+00  0.4693877551020408E+00  0.1880110085951308E+01
  0.9387755102040816E+00  0.4897959183673469E+00  0.1884333351691650E+01
  0.9387755102040816E+00  0.5102040816326531E+00  0.1884333351691652E+01
  0.9387755102040816E+00  0.5306122448979591E+00  0.1880110085951307E+01
  0.9387755102040816E+00  0.5510204081632653E+00  0.1871639644653939E+01
  0.9387755102040816E+00  0.5714285714285714E+00  0.1858873812011568E+01
  0.9387755102040816E+00  0.5918367346938775E+00  0.1841739254373208E+01
  0.9387755102040816E+00  0.6122448979591836E+00  0.1820136251696146E+01
  0.9387755102040816E+00  0.6326530612244897E+00  0.1793936906450835E+01
  0.9387755102040816E+00  0.6530612244897959E+00  0.1762982732778270E+01
  0.9387755102040816E+00  0.6734693877551020E+00  0.1727081487799691E+01
  0.9387755102040816E+00  0.6938775510204082E+00  0.1686003051409076E+01
  0.9387755102040816E+00  0.7142857142857142E+00  0.1639474083180282E+01
  0.9387755102040816E+00  0.7346938775510203E+00  0.1587171073652505E+01
  0.9387755102040816E+00  0.7551020408163265E+00  0.1528711243995189E+01
  0.9387755102040816E+00  0.7755102040816326E+00  0.1463640503521962E+01
  0.9387755102040816E+00  0.7959183673469387E+00  0.1391417300507533E+01
  0.9387755102040816E+00  0.8163265306122448E+00  0.1311390617940326E+01
  0.9387755102040816E+00  0.8367346938775510E+00  0.1222769437230748E+01
  0.9387755102040816E+00  0.8571428571428571E+00  0.1124579493398176E+01
  0.9387755102040816E+00  0.8775510204081632E+00  0.1015600706967038E+01
  0.9387755102040816E+00  0.8979591836734693E+00  0.8942747539311594E+00
  0.9387755102040816E+00  0.9183673469387754E+00  0.7585662264528809E+00
  0.9387755102040816E+00  0.9387755102040816E+00  0.6057529795457740E+00
  0.9387755102040816E+00  0.9591836734693877E+00  0.4321163377052663E+00
  0.9387755102040816E+00  0.9795918367346939E+00  0.2325218439469537E+00
  0.9387755102040816E+00  0.9999999999999999E+00 -0.9540018307893249E-49
  0.9591836734693877E+00  0.0000000000000000E+00 -0.9540018307893249E-49
  0.9591836734693877E+00  0.2040816326530612E-01  0.1703509494848073E+00
  0.9591836734693877E+00  0.4081632653061224E-01  0.3116456472959253E+00
  0.9591836734693877E+00  0.6122448979591837E-01  0.4321163377052836E+00
  0.9591836734693877E+00  0.8163265306122448E-01  0.5368973669810052E+00
  0.9591836734693877E+00  0.1020408163265306E+00  0.6292880828712353E+00
  0.9591836734693877E+00  0.1224489795918367E+00  0.7115138743939600E+00
  0.9591836734693877E+00  0.1428571428571428E+00  0.7851495347566411E+00
  0.9591836734693877E+00  0.1632653061224490E+00  0.8513567064233935E+00
  0.9591836734693877E+00  0.1836734693877551E+00  0.9110219555540916E+00
  0.9591836734693877E+00  0.2040816326530612E+00  0.9648406431784081E+00
  0.9591836734693877E+00  0.2244897959183673E+00  0.1013370099246235E+01
  0.9591836734693877E+00  0.2448979591836735E+00  0.1057064667441952E+01
  0.9591836734693877E+00  0.2653061224489796E+00  0.1096299596836779E+01
  0.9591836734693877E+00  0.2857142857142857E+00  0.1131387809008350E+01
  0.9591836734693877E+00  0.3061224489795918E+00  0.1162591957238957E+01
  0.9591836734693877E+00  0.3265306122448979E+00  0.1190133278820796E+01
  0.9591836734693877E+00  0.3469387755102041E+00  0.1214198202309380E+01
  0.9591836734693877E+00  0.3673469387755102E+00  0.1234943343165685E+01
  0.9591836734693877E+00  0.3877551020408163E+00  0.1252499314900803E+01
  0.9591836734693877E+00  0.4081632653061224E+00  0.1266973649419016E+01
  0.9591836734693877E+00  0.4285714285714285E+00  0.1278453031597437E+01
  0.9591836734693877E+00  0.4489795918367346E+00  0.1287004992622793E+01
  0.9591836734693877E+00  0.4693877551020408E+00  0.1292679164120311E+01
  0.9591836734693877E+00  0.4897959183673469E+00  0.1295508164321104E+01
  0.9591836734693877E+00  0.5102040816326531E+00  0.1295508164321104E+01
  0.9591836734693877E+00  0.5306122448979591E+00  0.1292679164120311E+01
  0.9591836734693877E+00  0.5510204081632653E+00  0.1287004992622794E+01
  0.9591836734693877E+00  0.5714285714285714E+00  0.1278453031597437E+01
  0.9591836734693877E+00  0.5918367346938775E+00  0.1266973649419016E+01
  0.9591836734693877E+00  0.6122448979591836E+00  0.1252499314900805E+01
  0.9591836734693877E+00  0.6326530612244897E+00  0.1234943343165685E+01
  0.9591836734693877E+00  0.6530612244897959E+00  0.1214198202309377E+01
  0.9591836734693877E+00  0.6734693877551020E+00  0.1190133278820792E+01
  0.9591836734693877E+00  0.6938775510204082E+00  0.1162591957238956E+01
  0.9591836734693877E+00  0.7142857142857142E+00  0.1131387809008347E+01
  0.9591836734693877E+00  0.7346938775510203E+00  0.1096299596836775E+01
  0.9591836734693877E+00  0.7551020408163265E+00  0.1057064667441948E+01
  0.9591836734693877E+00  0.7755102040816326E+00  0.1013370099246227E+01
  0.9591836734693877E+00  0.7959183673469387E+00  0.9648406431784015E+00
  0.9591836734693877E+00  0.8163265306122448E+00  0.9110219555540923E+00
  0.9591836734693877E+00  0.8367346938775510E+00  0.8513567064233919E+00
  0.9591836734693877E+00  0.8571428571428571E+00  0.7851495347566488E+00
  0.9591836734693877E+00  0.8775510204081632E+00  0.7115138743939916E+00
  0.9591836734693877E+00  0.8979591836734693E+00  0.6292880828712522E+00
  0.9591836734693877E+00  0.9183673469387754E+00  0.5368973669810009E+00
  0.9591836734693877E+00  0.9387755102040816E+00  0.4321163377052568E+00
  0.9591836734693877E+00  0.9591836734693877E+00  0.3116456472958790E+00
  0.9591836734693877E+00  0.9795918367346939E+00  0.1703509494847721E+00
  0.9591836734693877E+00  0.9999999999999999E+00 -0.9540018307893249E-49
  0.9795918367346939E+00  0.0000000000000000E+00 -0.9540018307893249E-49
  0.9795918367346939E+00  0.2040816326530612E-01  0.9558770340993425E-01
  0.9795918367346939E+00  0.4081632653061224E-01  0.1703509494847756E+00
  0.9795918367346939E+00  0.6122448979591837E-01  0.2325218439469521E+00
  0.9795918367346939E+00  0.8163265306122448E-01  0.2859717442489358E+00
  0.9795918367346939E+00  0.1020408163265306E+00  0.3328196443341522E+00
  0.9795918367346939E+00  0.1224489795918367E+00  0.3743708236010331E+00
  0.9795918367346939E+00  0.1428571428571428E+00  0.4115020221185738E+00
  0.9795918367346939E+00  0.1632653061224490E+00  0.4448401312078522E+00
  0.9795918367346939E+00  0.1836734693877551E+00  0.4748543362317302E+00
  0.9795918367346939E+00  0.2040816326530612E+00  0.5019079231143788E+00
  0.9795918367346939E+00  0.2244897959183673E+00  0.5262894906730777E+00
  0.9795918367346939E+00  0.2448979591836735E+00  0.5482328195049376E+00
  0.9795918367346939E+00  0.2653061224489796E+00  0.5679300904704274E+00
  0.9795918367346939E+00  0.2857142857142857E+00  0.5855409981434833E+00
  0.9795918367346939E+00  0.3061224489795918E+00  0.6011992190468579E+00
  0.9795918367346939E+00  0.3265306122448979E+00  0.6150171119721081E+00
  0.9795918367346939E+00  0.3469387755102041E+00  0.6270891987384772E+00
  0.9795918367346939E+00  0.3673469387755102E+00  0.6374947796695268E+00
  0.9795918367346939E+00  0.3877551020408163E+00  0.6462999191095837E+00
  0.9795918367346939E+00  0.4081632653061224E+00  0.6535589608764464E+00
  0.9795918367346939E+00  0.4285714285714285E+00  0.6593156842190383E+00
  0.9795918367346939E+00  0.4489795918367346E+00  0.6636041776204766E+00
  0.9795918367346939E+00  0.4693877551020408E+00  0.6664494847195647E+00
  0.9795918367346939E+00  0.4897959183673469E+00  0.6678680600674681E+00
  0.9795918367346939E+00  0.5102040816326531E+00  0.6678680600674680E+00
  0.9795918367346939E+00  0.5306122448979591E+00  0.6664494847195643E+00
  0.9795918367346939E+00  0.5510204081632653E+00  0.6636041776204770E+00
  0.9795918367346939E+00  0.5714285714285714E+00  0.6593156842190372E+00
  0.9795918367346939E+00  0.5918367346938775E+00  0.6535589608764473E+00
  0.9795918367346939E+00  0.6122448979591836E+00  0.6462999191095833E+00
  0.9795918367346939E+00  0.6326530612244897E+00  0.6374947796695266E+00
  0.9795918367346939E+00  0.6530612244897959E+00  0.6270891987384748E+00
  0.9795918367346939E+00  0.6734693877551020E+00  0.6150171119721073E+00
  0.9795918367346939E+00  0.6938775510204082E+00  0.6011992190468550E+00
  0.9795918367346939E+00  0.7142857142857142E+00  0.5855409981434786E+00
  0.9795918367346939E+00  0.7346938775510203E+00  0.5679300904704244E+00
  0.9795918367346939E+00  0.7551020408163265E+00  0.5482328195049353E+00
  0.9795918367346939E+00  0.7755102040816326E+00  0.5262894906730713E+00
  0.9795918367346939E+00  0.7959183673469387E+00  0.5019079231143768E+00
  0.9795918367346939E+00  0.8163265306122448E+00  0.4748543362317378E+00
  0.9795918367346939E+00  0.8367346938775510E+00  0.4448401312078665E+00
  0.9795918367346939E+00  0.8571428571428571E+00  0.4115020221185858E+00
  0.9795918367346939E+00  0.8775510204081632E+00  0.3743708236010788E+00
  0.9795918367346939E+00  0.8979591836734693E+00  0.3328196443341608E+00
  0.9795918367346939E+00  0.9183673469387754E+00  0.2859717442489117E+00
  0.9795918367346939E+00  0.9387755102040816E+00  0.2325218439469488E+00
  0.9795918367346939E+00  0.9591836734693877E+00  0.1703509494847606E+00
  0.9795918367346939E+00  0.9795918367346939E+00  0.9558770340992082E-01
  0.9795918367346939E+00  0.9999999999999999E+00 -0.9540018307893249E-49
  0.9999999999999999E+00  0.0000000000000000E+00  0.4164931216571557E+00
  0.9999999999999999E+00  0.2040816326530612E-01 -0.9540018307893249E-49
  0.9999999999999999E+00  0.4081632653061224E-01 -0.9540018307893249E-49
  0.9999999999999999E+00  0.6122448979591837E-01 -0.9540018307893249E-49
  0.9999999999999999E+00  0.8163265306122448E-01 -0.9540018307893249E-49
  0.9999999999999999E+00  0.1020408163265306E+00 -0.9540018307893249E-49
  0.9999999999999999E+00  0.1224489795918367E+00 -0.9540018307893249E-49
  0.9999999999999999E+00  0.1428571428571428E+00 -0.9540018307893249E-49
  0.9999999999999999E+00  0.1632653061224490E+00 -0.9540018307893249E-49
  0.9999999999999999E+00  0.1836734693877551E+00 -0.9540018307893249E-49
  0.9999999999999999E+00  0.2040816326530612E+00 -0.9540018307893249E-49
  0.9999999999999999E+00  0.2244897959183673E+00 -0.9540018307893249E-49
  0.9999999999999999E+00  0.2448979591836735E+00 -0.9540018307893249E-49
  0.9999999999999999E+00  0.2653061224489796E+00 -0.9540018307893249E-49
  0.9999999999999999E+00  0.2857142857142857E+00 -0.9540018307893249E-49
  0.9999999999999999E+00  0.3061224489795918E+00 -0.9540018307893249E-49
  0.9999999999999999E+00  0.3265306122448979E+00 -0.9540018307893249E-49
  0.9999999999999999E+00  0.3469387755102041E+00 -0.9540018307893249E-49
  0.9999999999999999E+00  0.3673469387755102E+00 -0.9540018307893249E-49
  0.9999999999999999E+00  0.3877551020408163E+00 -0.9540018307893249E-49
  0.9999999999999999E+00  0.4081632653061224E+00 -0.9540018307893249E-49
  0.9999999999999999E+00  0.4285714285714285E+00 -0.9540018307893249E-49
  0.9999999999999999E+00  0.4489795918367346E+00 -0.9540018307893249E-49
  0.9999999999999999E+00  0.4693877551020408E+00 -0.9540018307893249E-49
  0.9999999999999999E+00  0.4897959183673469E+00 -0.9540018307893249E-49
  0.9999999999999999E+00  0.5102040816326531E+00 -0.9540018307893249E-49
  0.9999999999999999E+00  0.5306122448979591E+00 -0.9540018307893249E-49
  0.9999999999999999E+00  0.5510204081632653E+00 -0.9540018307893249E-49
  0.9999999999999999E+00  0.5714285714285714E+00 -0.9540018307893249E-49
  0.9999999999999999E+00  0.5918367346938775E+00 -0.9540018307893249E-49
  0.9999999999999999E+00  0.6122448979591836E+00 -0.9540018307893249E-49
  0.9999999999999999E+00  0.6326530612244897E+00 -0.9540018307893249E-49
  0.9999999999999999E+00  0.6530612244897959E+00 -0.9540018307893249E-49
  0.9999999999999999E+00  0.6734693877551020E+00 -0.9540018307893249E-49
  0.9999999999999999E+00  0.6938775510204082E+00 -0.9540018307893249E-49
  0.9999999999999999E+00  0.7142857142857142E+00 -0.9540018307893249E-49
  0.9999999999999999E+00  0.7346938775510203E+00 -0.9540018307893249E-49
  0.9999999999999999E+00  0.7551020408163265E+00 -0.9540018307893249E-49
  0.9999999999999999E+00  0.7755102040816326E+00 -0.9540018307893249E-49
  0.9999999999999999E+00  0.7959183673469387E+00 -0.9540018307893249E-49
  0.9999999999999999E+00  0.8163265306122448E+00 -0.9540018307893249E-49
  0.9999999999999999E+00  0.8367346938775510E+00 -0.9540018307893249E-49
  0.9999999999999999E+00  0.8571428571428571E+00 -0.9540018307893249E-49
  0.9999999999999999E+00  0.8775510204081632E+00 -0.9540018307893249E-49
  0.9999999999999999E+00  0.8979591836734693E+00 -0.9540018307893249E-49
  0.9999999999999999E+00  0.9183673469387754E+00 -0.9540018307893249E-49
  0.9999999999999999E+00  0.9387755102040816E+00 -0.9540018307893249E-49
  0.9999999999999999E+00  0.9591836734693877E+00 -0.9540018307893249E-49
  0.9999999999999999E+00  0.9795918367346939E+00 -0.9540018307893249E-49
  0.9999999999999999E+00  0.9999999999999999E+00  0.4164931216571557E+00
